ensembl_gene_id,min,lowerq,sd,mean,median,upperq,max,total,n_zero
ENSMUSG00000000290,0,0,2.691419189463059,2.537749619009657,1.81339780678351,3.60256366978121,10.3110929267042,1778.962482925769,216
ENSMUSG00000000303,0,0,0.8867162235595819,0.5632892393451183,0,1.1415418722391,6.53158003738891,394.8657567809278,456
ENSMUSG00000000555,0,1.59791342629267,2.3431878982754086,3.0156846178209085,2.47788194423876,3.54118417780517,10.3031997277288,2113.994917092457,75
ENSMUSG00000000791,0,0,2.1722295419741733,1.006561778688586,0,0.989029309665862,9.27811443343648,705.5998068606987,501
ENSMUSG00000001143,0,1.54530896012181,2.6951029418982335,3.463216539544558,2.893901542594,4.7944923553952,10.1088261409069,2427.714794220735,106
ENSMUSG00000001281,0,0,3.2192279615621398,2.7147892365137367,1.57616671569393,4.04771379538314,12.3131823210752,1903.067254796131,251
ENSMUSG00000001507,0,0,1.0106197655033924,0.2169062850754752,0,0,9.13026082125401,152.0513058379081,644
ENSMUSG00000001946,0,0,3.4471561849451215,2.892096898010532,1.46769584707682,4.79569077229352,10.9338428097239,2027.3599255053832,242
ENSMUSG00000001986,0,0,2.58389338323259,2.08979865028189,1.36425022387503,2.77230773460558,10.3881526953318,1464.948853847605,256
ENSMUSG00000002033,0,0,0.7479583068093903,0.3126103454033259,0,0,9.28880846324335,219.13985212773167,558
ENSMUSG00000002103,0,0,2.7154353907472073,2.0620991118842125,1.1139506364744,2.66000491952727,10.1939114519908,1445.5314774308335,304
ENSMUSG00000002602,0,0,1.8269736556102654,0.688662439969687,0,0,9.85514088646023,482.75237041875135,542
ENSMUSG00000002808,0,0,1.7442566938658806,1.595097096905461,1.47380676484979,2.31254465875821,10.529907190404,1118.1630649307288,243
ENSMUSG00000002897,0,3.58483937134045,2.7985732472104066,5.905386496122838,6.50220920703119,8.20519469671826,11.2037564312647,4139.675933782107,23
ENSMUSG00000003379,0,0,1.3508589272571438,0.46016306790368866,0,0,12.2081874211823,322.57431060048583,569
ENSMUSG00000003420,0,0,2.816390922370559,1.7242603804873773,0,2.0239334647463,9.73029439915275,1208.7065267216508,415
ENSMUSG00000003882,0,0,2.100948825077737,0.8671278905737466,0,0.767888504495376,10.7307855958548,607.8566512921981,517
ENSMUSG00000004105,0,0,1.365285152022066,0.42017015002125724,0,0,10.4501299380768,294.5392751649014,588
ENSMUSG00000004207,0.494125074044436,7.00159103417941,2.0738295114141208,7.833699483496769,8.38124121094628,9.25911450115087,12.8228166929683,5491.423337931232,0
ENSMUSG00000004317,0,0,2.015655001773392,1.1503929554712236,0,1.5435608496341,9.5565073724742,806.4254617853279,410
ENSMUSG00000004609,0,0,2.6701064741157925,1.4798260401366383,0,1.69053479294635,10.4800274848288,1037.3580541357833,424
ENSMUSG00000004631,0,0,2.838340867307377,2.069781183541604,0.98380610034975,2.50643393755794,9.3868599308541,1450.9166096626636,316
ENSMUSG00000004707,0,0,2.847860778540099,2.0140359408129855,0.510122624062898,2.7136507725049,10.1257001859107,1411.8391945099038,349
ENSMUSG00000004709,0,0,2.924331200735959,2.0205909384251854,0,2.43247976331988,9.65406978198847,1416.4342478360559,355
ENSMUSG00000004730,0,0,0.6258464157514271,0.1655889840258123,0,0,7.4476076809814,116.07787780209439,635
ENSMUSG00000005087,0,5.33979684953347,2.5945537447037545,7.1515511531852765,8.01822319707904,9.13855097554271,11.4343391176505,5013.237358382882,5
ENSMUSG00000005339,0,0,0.5738000466654324,0.06984163680366139,0,0,8.6723811036756,48.95898739936663,684
ENSMUSG00000005465,0,0,3.175332397663342,2.81353613104633,1.50906308107347,5.8605486109599,9.81495017911078,1972.2888278634769,253
ENSMUSG00000005540,0,0,0.8052012523772619,0.1361968661359139,0,0,11.5072230025615,95.47400316127566,661
ENSMUSG00000005672,1.79371515486028,8.06604444782982,1.7771421309714666,8.676933290690195,9.0870954691303,9.84694806100442,12.5259352725253,6082.5302367738395,0
ENSMUSG00000006386,0,0,2.1085238835450513,1.0646259017223785,0,1.28145924551548,10.4325747864258,746.3027571073872,441
ENSMUSG00000007613,0,0,2.9186148020194764,2.603321512020897,1.56339240967792,5.15375183700276,10.1364962761565,1824.9283799266493,258
ENSMUSG00000007891,1.54637122465957,7.51472422480361,2.2624734705866567,8.219938368684838,8.98709399756032,9.78822089400053,11.9550132997833,5762.17679644807,0
ENSMUSG00000009291,0,2.70901577210541,3.258192574286527,5.923232894523413,7.28287654293492,8.84590945071414,10.9368006739406,4152.1862590609135,35
ENSMUSG00000009376,0,0,1.3330332039555068,0.4724292480986133,0,0,9.06452519937976,331.172902917128,565
ENSMUSG00000012428,0,0,0.40887484900310117,0.03173683370563847,0,0,9.73539302699473,22.247520427652525,692
ENSMUSG00000013236,0,1.67411645235766,2.816582702916831,3.938335904676272,3.39736102232639,6.4369872867547,10.3529149189517,2760.7734691780684,99
ENSMUSG00000014158,0,0,0.9829791910965041,0.3335328579413657,0,0,9.224980381767,233.80653341689725,576
ENSMUSG00000014353,0,0,2.4788798200386015,1.9569556481108286,1.29847752580921,2.46847097294872,9.77577929928064,1371.8259093256909,263
ENSMUSG00000015189,0,1.89755410762403,3.0314846215286284,4.280592437994236,3.32636605136731,7.10857169680447,11.3061950030949,3000.695299033959,62
ENSMUSG00000015314,0,0,1.2235625970265518,0.4875519380960013,0,0,11.0989654796014,341.7739086052971,529
ENSMUSG00000015316,0,0,1.7563290086832313,0.8907563197884238,0,1.25697971064401,9.89798162524318,624.4201801716849,425
ENSMUSG00000015355,0,2.23166562830481,3.2127668318296285,4.922192703729821,3.79308682174193,8.25197382951657,11.9249079276499,3450.4570853146024,35
ENSMUSG00000016494,1.29038989079597,8.90369897437585,2.3672564723691605,9.457682114496508,10.2901777351452,11.0110961665154,12.5487466178521,6629.835162262045,0
ENSMUSG00000016496,0,0,2.9570785658896734,2.1793077418977567,1.01601533584419,3.02962546768919,10.1951239263253,1527.6947270703288,321
ENSMUSG00000016534,0,4.34850481860317,2.705057910084958,6.883049266727078,7.92890383951841,9.0977817070294,11.1393598295826,4825.017535975677,4
ENSMUSG00000017756,0,0,2.797121679547026,1.7599600278521377,0,2.07779318580842,9.81498600958524,1233.7319795243482,404
ENSMUSG00000018166,0,0,1.2651356334661725,0.46069701520741957,0,0,9.0441051526091,322.94860766040136,543
ENSMUSG00000018341,0,0,1.9957308974827892,0.8781270210294372,0,0.865804199298114,9.83571622368076,615.5670417416354,509
ENSMUSG00000018500,0,0,1.3364283274952142,0.30523097636040875,0,0,9.01174016247306,213.96691442864648,641
ENSMUSG00000018507,0,0.97572714618652,3.0369402384946014,3.2441222310157696,2.15207637392426,5.94710663850571,11.0811916228826,2274.1296839420525,144
ENSMUSG00000018900,0,0,2.471799551929193,1.4583212362986682,0,1.80217224962943,10.1510809210601,1022.2831866453669,412
ENSMUSG00000019359,0,0,0.26363380206334713,0.04532552123135383,0,0,2.88476341723481,31.773190383179116,678
ENSMUSG00000019796,0,0,1.3075707627515507,0.42852378699049515,0,0,9.05821415747637,300.395174680337,566
ENSMUSG00000020101,0,0,3.035508724005764,2.178743766220332,0.729582566912856,2.87029637698341,10.2587228306111,1527.2993801204536,342
ENSMUSG00000020238,0,1.52479460056059,3.063431490132885,3.907932279472756,3.0278491452851,7.16171456168183,10.4817648724716,2739.4605279104017,103
ENSMUSG00000020399,0,0,1.2493855828919709,0.39862171508708205,0,0,9.44590105356992,279.4338222760444,576
ENSMUSG00000020402,0,6.55982338007748,2.2646946258759284,7.543076927860487,8.29561713779023,9.11218823951989,11.0553723620201,5287.696926430198,5
ENSMUSG00000020689,0,0,1.4978087311646988,0.5026199593121465,0,0,9.42613715641986,352.3365914778142,570
ENSMUSG00000020695,0,0,1.0300913247930905,0.36095651904282355,0,0,9.67630817611826,253.03051984901924,565
ENSMUSG00000020701,0,0,0.43656758735418993,0.05372069336776129,0,0,9.16467355160692,37.6582060508007,682
ENSMUSG00000020717,0,1.33604255226441,3.25111624288632,4.033895410091277,3.04368005485065,7.4107347342494,10.9104776880627,2827.760682473987,106
ENSMUSG00000021427,0,7.07152881735321,2.022769137787704,7.919074160793214,8.48811341610577,9.38583018053558,11.2728199308795,5551.270986716038,1
ENSMUSG00000021624,0,0,1.6834380620923424,0.6963328655473929,0,0,9.25917213987472,488.12933874872255,535
ENSMUSG00000021728,0,6.77867420908962,2.7308254267195813,8.104313367496053,9.01840080839203,10.081708853988,12.3159601453303,5681.123670614736,2
ENSMUSG00000021733,0,0,2.8506247426626983,2.4963410150226544,1.44916653551731,4.21814369478443,10.1694165914814,1749.9350515308786,248
ENSMUSG00000021756,0,0,2.5770902906562347,2.057375007609975,1.24619245493276,2.68411758724706,10.8779872484825,1442.2198803345927,263
ENSMUSG00000021759,0,0,1.5049030738231068,0.716410012416964,0,1.07528768987915,9.8741529219226,502.2034187042922,482
ENSMUSG00000021939,0,5.23393782023086,2.6791644037471793,7.193649377506403,8.2720941892725,9.21520518600327,11.0469032884661,5042.748213631989,9
ENSMUSG00000022015,0,0,1.0717932567203994,0.39410602900409364,0,0,9.32754785388162,276.2683263318694,546
ENSMUSG00000022037,0,0,1.424121162130377,0.5711713604871295,0,0.443805093287397,9.40163776064524,400.39112370147745,524
ENSMUSG00000022103,0,0,1.1215154584390286,0.9504985819714848,0.907174197510881,1.64604746272203,10.0969652605714,666.299505962011,316
ENSMUSG00000022225,0,0,0.1816603940641269,0.023764971907940254,0,0,2.69155351515005,16.65924530746611,687
ENSMUSG00000022309,0,6.32890118722933,2.5210628426574724,7.853599474626208,8.4944596682519,9.69437453832821,12.7567731698223,5505.373231712972,5
ENSMUSG00000022514,0,0,2.204167385019727,1.5753694646182292,1.00257353959637,2.05309225484564,9.77772831286392,1104.333994697379,301
ENSMUSG00000022636,0,0,2.9955996455647647,2.860500364487454,1.79263941773274,5.1889276936391,10.3377024722684,2005.210755505706,230
ENSMUSG00000022657,0,0,2.8584174806576335,1.7576895009974405,0,2.00385858989412,11.0804420128216,1232.1403401992043,380
ENSMUSG00000022661,0,0,2.4722441661406998,1.3611640059941161,0,1.5967842057628,9.80014441383539,954.175968201876,446
ENSMUSG00000022667,0,0,2.8162431327726236,1.6990763109357276,0,1.90469250219605,10.5848731126688,1191.0524939659454,402
ENSMUSG00000022687,0,0,1.0103392840681822,0.24350224424776967,0,0,9.18162272637163,170.6950732176866,627
ENSMUSG00000022797,0,2.28881520226007,2.3651344315202736,3.884643434153531,3.25838974396132,4.89854130221885,11.1478825743048,2723.1350473416255,29
ENSMUSG00000022816,0,0,2.672071292537494,1.9043266354875665,0.903714255010423,2.3988689404737,10.6558057242753,1334.9329714767841,318
ENSMUSG00000022883,0,0,0.9378489540726046,0.6342270184798591,0,1.25681734740944,9.82454375097124,444.59313995438123,423
ENSMUSG00000022901,0,0,2.135441285381968,0.8755663195898671,0,0,9.84637107670239,613.7719900324964,529
ENSMUSG00000022967,0,1.51948702976855,3.0550976371982523,3.7513828970585603,2.57002367181177,6.80848316546163,10.2179262287161,2629.7194108380495,95
ENSMUSG00000023088,0,1.53750253583906,2.9789634627082564,3.823667633720665,2.74970356012693,6.74733415960075,10.4331169075742,2680.3910112381864,92
ENSMUSG00000023132,0,0,0.5716984646752171,0.09996816734522292,0,0,12.2194962779927,70.0776853090012,656
ENSMUSG00000023175,1.16606186021408,7.65339240855176,1.6540233350062559,8.079407141688655,8.49328919444084,9.09883283958944,11.188281460102,5663.664406323755,0
ENSMUSG00000023274,0,0,1.5298923532141167,0.5726997892325928,0,0,11.1203880200867,401.46255225204783,546
ENSMUSG00000023942,0,2.54683186689166,2.8199681839069117,5.2505037539350345,5.82242607974824,7.84981359514823,9.91259343788636,3680.6031315084556,24
ENSMUSG00000023960,0,0,2.747589412652458,1.733937482590458,0,2.03006982819687,10.5357819364229,1215.4901752959122,369
ENSMUSG00000023961,0,0,2.953215897926538,2.4537480554535174,1.39806903053399,3.38620592764702,9.96375335219531,1720.0773868729173,249
ENSMUSG00000023972,0,0,1.9696125299263385,0.8443595908510481,0,0.770966200087333,9.62481621955338,591.8960731865843,514
ENSMUSG00000024053,0,0,1.793951585165321,1.5025759244379673,1.23677971703827,2.23435858631838,9.15470777707452,1053.3057230310144,270
ENSMUSG00000024109,0,2.68375781082967,2.4297198422402113,4.546020885833112,4.38936221065314,6.27689235182855,10.1657961973849,3186.7606409690075,27
ENSMUSG00000024270,0,0.427739541074558,3.233323154119135,3.302044724256254,2.0239334647463,6.7292510099568,10.4425233077773,2314.7333517036327,175
ENSMUSG00000024413,0,0,2.9247199567462356,2.327201205555328,1.08028710965617,4.34197833793974,9.84400183412713,1631.3680450942838,312
ENSMUSG00000024462,0,0,2.9216866451109866,2.269563764394802,1.0486721262209,4.17827837115351,10.2664393068364,1590.9641988407566,322
ENSMUSG00000024614,0,1.05198874323537,3.2187723131241035,3.7158832926413763,2.57999994613417,6.90910666241532,10.845192372082,2604.8341881416063,143
ENSMUSG00000024620,0,0,2.3008471755713322,1.2706954903400933,0,1.59517396655746,9.15739272157087,890.7575387284056,443
ENSMUSG00000024621,0,0,1.9754110634582343,1.7034143285736452,1.48691493421134,2.31666408271937,10.6119516860824,1194.0934443301257,230
ENSMUSG00000024670,0,0,1.6982666077032649,0.8913050514360651,0,1.39159397244371,9.32452238081496,624.8048410566817,475
ENSMUSG00000024673,0,0,0.596559499190373,0.12065325402962596,0,0,11.8381266540343,84.57793107476779,650
ENSMUSG00000024887,0,0,2.0008460006888034,0.9506887616200863,0,1.07703574254678,9.32600597183446,666.4328218956804,487
ENSMUSG00000025008,0,0,2.3168397974780786,1.2516964197051736,0,1.53903465197768,9.79996387903109,877.4391902133265,425
ENSMUSG00000025020,0,0,0.8227809229643563,0.15178301929485824,0,0,10.2222594655489,106.39989652569552,657
ENSMUSG00000025089,0,0,1.0416840470518627,0.2996302713018202,0,0,9.33564629886473,210.040820182576,595
ENSMUSG00000025351,0,5.13727931184059,2.7086665446644047,6.53481413447593,7.48857768454898,8.47967018712103,11.8661830674398,4580.904708267627,22
ENSMUSG00000025780,0,1.68814585626761,3.3750820158032466,4.7985999582037024,4.52217344943642,8.20565938088467,10.7859962907618,3363.8185707007915,81
ENSMUSG00000025790,0,1.28501768017846,3.184824533219615,3.9191659606610716,2.9355675713767,7.17381647485101,10.5286835008601,2747.33533842341,119
ENSMUSG00000025809,0,3.82654534248725,2.6679972934205582,6.152937426090963,6.6339258302502,8.49118836117195,11.3846780762913,4313.209135689763,8
ENSMUSG00000025969,0,0,0.8239122007958137,0.40873478256946993,0,0.66238508872719,7.48698835222785,286.5230825811983,518
ENSMUSG00000025986,0,0,2.9944593303090095,2.7283781415637565,1.66968861416431,4.6675638136976,10.0859856568133,1912.5930772361928,225
ENSMUSG00000026012,0,0,0.9816732556903506,0.3146599751176791,0,0,9.16988481467269,220.5766425574931,582
ENSMUSG00000026072,0,0,3.2527358806718176,2.9241232792484553,1.53066543289568,6.21574056751657,10.2998369915159,2049.8104187531667,253
ENSMUSG00000026073,0,0,1.3814917334452739,0.41301431677181305,0,0,9.98175365795684,289.5230360570411,585
ENSMUSG00000026285,0,0,0.7207048758152,0.0903847955828092,0,0,10.001446582288,63.35974170354959,678
ENSMUSG00000026395,0,7.09478951327993,2.1769881599574887,7.9921472983864925,8.60436355575909,9.52968675660376,12.2420574655846,5602.495256168926,3
ENSMUSG00000026566,0,0,2.663066221371199,1.5209141694394124,0,1.77567890530866,10.3161605621948,1066.1608327770284,409
ENSMUSG00000026576,0,0,1.8371897932369015,0.8223006705520287,0,0.944213040779612,9.83091974497428,576.432770056972,502
ENSMUSG00000026581,0,2.22893284062582,3.231975006230062,4.751532010834472,3.60542593865002,8.21315220365353,11.7148403106443,3330.823939594962,39
ENSMUSG00000026656,0,0,2.146643768441089,1.7070085127706507,1.19979987160855,2.16013510216179,9.95456281521005,1196.612967452227,247
ENSMUSG00000026748,0,0.603633306509157,2.585899946364969,2.4071299399048276,1.72555809789466,2.79402385819257,10.2131278742455,1687.3980878732855,168
ENSMUSG00000026770,0,0,0.6077900838961394,0.15539919350256126,0,0,8.73408958862924,108.93483464529544,634
ENSMUSG00000026814,0,4.7178129278322,2.7071656644009168,7.00865221615473,7.96051949418,9.10540610631946,11.3082414294268,4913.065203524469,5
ENSMUSG00000026836,0,0,1.7906724076824527,1.3144803029510892,0.982758157889343,1.86882421049006,9.22415875277036,921.4506923687135,300
ENSMUSG00000026837,0,0,1.2655751820620325,0.7741255554036853,0,1.32647750475198,8.77066409274678,542.6620143379836,424
ENSMUSG00000026923,0,0.917281916155338,3.074638454775752,3.516814746630609,2.42661836707969,6.67891380543561,11.4952998377415,2465.2871373880575,152
ENSMUSG00000027087,0,0,2.3288284613246204,2.20099513934106,1.65835522389281,2.72936089378523,9.85731714251177,1542.8975926780822,188
ENSMUSG00000027111,0,1.09924734889097,3.0230861320896585,3.445643625566632,2.39298015146501,6.20663844631921,9.97542775187567,2415.396181522212,136
ENSMUSG00000027130,0,1.67417793574287,3.094266671791826,4.3763476967700825,4.03115919888125,7.39196938120612,10.8806701141227,3067.81973543583,96
ENSMUSG00000027312,0,0,2.7116768659358237,2.3958345337891362,1.40400037270012,3.6603221705724,11.2863456335843,1679.4800081861838,236
ENSMUSG00000027340,0,0,2.8474379205215645,2.7220092263820512,1.77970388519451,3.6216501198437,10.0488981844698,1908.12846769382,189
ENSMUSG00000027366,0,2.37589777383031,2.941171061373869,4.924410876880759,4.73028066783267,7.64648629969342,11.0663389611808,3452.0120246934093,41
ENSMUSG00000027376,0,0,0.5038896179202562,0.07698880057042887,0,0,8.57970379335917,53.96914919987067,670
ENSMUSG00000027408,0,0,2.396822450356831,1.2226563192217141,0,1.38790099508217,9.96592767682179,857.082079774421,452
ENSMUSG00000027435,0,4.34574644558835,2.8359849455308446,6.704231767542491,7.7141349368173,8.99991210494322,11.3966915291861,4699.666469047288,19
ENSMUSG00000027611,0,0,3.552102204580649,3.4007693862413038,1.77701546949576,7.2737963046446,11.084670294931,2383.939339755156,241
ENSMUSG00000027642,0,6.9114304216849,2.2395863524745163,7.912367862701895,8.65645180768793,9.5642630275401,11.9281604077229,5546.569871754027,1
ENSMUSG00000027750,0,0,1.3690645913912836,0.3694003693325235,0,0,9.2774936679257,258.9496589020991,611
ENSMUSG00000027863,0,0,0.35931540756453506,0.05285249687892464,0,0,6.37843245118874,37.04960031212619,679
ENSMUSG00000027962,0,0,1.0949657360453506,0.6633572075807951,0,1.23677971703827,9.74910411704462,465.0134025141372,424
ENSMUSG00000027995,0,0,2.180889913124488,1.0212485469001857,0,1.08297789283957,9.17434171896467,715.8952313770297,490
ENSMUSG00000028019,0,0,1.1889476553273004,0.3735139026467954,0,0,9.17398393092816,261.83324575540314,583
ENSMUSG00000028184,0,0,2.3588749161559806,1.9566985873511626,1.31996437068286,2.507211477293,9.85375847731522,1371.6457097331643,244
ENSMUSG00000028347,0,0,0.6036063494043871,0.12157825964391444,0,0,8.46024906480374,85.22636001038394,649
ENSMUSG00000028469,0,0,2.227782906964089,1.0197144039062709,0,0.97036249057279,10.4644134163698,714.819797138295,512
ENSMUSG00000028476,0,0,1.7013300780860712,0.7998800491752772,0,1.10813347562291,10.0965393800268,560.7159144718695,477
ENSMUSG00000028639,2.57400375200099,8.05197206742389,1.315717451731818,8.717248164753347,8.87726763072228,9.5703459359891,12.0520222628841,6110.790963492095,0
ENSMUSG00000028641,0,0,2.1290481141090893,1.0669444212865267,0,1.28145924551548,10.260043420215,747.9280393218551,458
ENSMUSG00000028645,0,0,3.17625531540269,2.6578247884767805,1.41242517920141,4.8911655012399,9.67923898378063,1863.1351767222218,286
ENSMUSG00000028766,0,0,0.8329672445667495,0.35310941759396786,0,0,8.96710717639414,247.52970173337155,551
ENSMUSG00000028965,0,0,0.8574246944908018,0.3032185112607807,0,0,9.49323221395452,212.55617639380725,575
ENSMUSG00000029070,0,0,1.4358575312542394,0.6808287335604788,0,1.04346272853264,8.89872331509017,477.2609422258957,460
ENSMUSG00000029082,0,0,0.48435130940878335,0.08679512699107288,0,0,7.62438623528723,60.84338402074197,664
ENSMUSG00000029090,0,0,2.459129705685523,1.2779212127025985,0,1.32647750475198,9.61252924859779,895.8227701045208,471
ENSMUSG00000029093,0,0,1.3106296847023096,0.46026408581039036,0,0,9.19998848082549,322.64512415308354,549
ENSMUSG00000029156,0,0,2.816292368750019,1.910694538549502,0.834797997959676,2.15700100700681,10.0726618362023,1339.3968715232018,332
ENSMUSG00000029163,0,1.39159397244371,3.3769476709596207,4.302707335920928,3.17149014895496,7.741058715529,10.428388954581,3016.1978424805684,114
ENSMUSG00000029338,0,0,3.003381054299371,2.330455861740176,1.11084695883862,3.37297058629176,11.1701617153208,1633.6495590798643,296
ENSMUSG00000029386,0,0,2.078466097863881,0.9176124810303073,0,1.00972407715621,9.55376988792906,643.2463492022454,502
ENSMUSG00000029767,0,2.79221949742748,3.170856308375531,5.769908289010665,6.20880773232309,8.78317157174328,11.2723069701208,4044.705710596478,33
ENSMUSG00000030054,0,0,2.7256684581417003,1.761758815303298,0,2.23740424080819,10.4592189299922,1234.992929527612,383
ENSMUSG00000030062,0,4.66602524878025,2.5054237707133398,6.730083269276298,7.45349243764351,8.84575426569481,11.4933715648037,4717.7883717626855,5
ENSMUSG00000030077,0,0,0.8750665547646382,0.2795695326096627,0,0,9.17990274658709,195.97824235937364,589
ENSMUSG00000030084,0,0,1.518685112051971,0.4946770932703129,0,0,9.65865674126989,346.768642382489,591
ENSMUSG00000030117,0,0,2.2361605094529757,1.6586618082047782,1.11305439769412,2.31666408271937,9.60908834804994,1162.7219275515492,291
ENSMUSG00000030124,0,0,2.885873772836113,2.0270240012568026,0.678940154081461,2.48628255325537,9.63794963406414,1420.9438248810195,347
ENSMUSG00000030336,2.33312337043441,8.48613662983986,1.8155280894816828,9.328106357122135,9.71493875310155,10.5978543503085,12.4626551805834,6539.00255634262,0
ENSMUSG00000030577,0,0,0.7439321887807873,0.2182532349403276,0,0,9.13993066250196,152.99551769316963,608
ENSMUSG00000030605,0,1.70385474185165,3.406321147526649,4.970580560539975,5.46958508540747,8.2060494070856,10.7078473738502,3484.3769729385244,88
ENSMUSG00000030683,0,0,0.8500713591585561,0.23496354485471027,0,0,9.19097022878011,164.709444943152,605
ENSMUSG00000030724,0,0,0.9495238796010697,0.20968499094599333,0,0,10.9310685952981,146.9891786531416,641
ENSMUSG00000030745,0,1.73094335522758,3.4627731968737145,5.022888145801899,5.94079097444209,8.29849076988382,10.9273854091341,3521.0445902071287,87
ENSMUSG00000030748,0,0,3.176650134155149,3.3311930393403117,2.32333680403635,6.09632834297107,11.1752444824846,2335.1663205775594,191
ENSMUSG00000030754,0,2.55611054500209,3.074511849458245,5.476173983212823,5.72137381794626,8.42273477824041,10.7121155321068,3838.7979622321855,26
ENSMUSG00000030772,0,0,0.2945762817722854,0.05403878591696189,0,0,2.55284934039661,37.881188927790305,674
ENSMUSG00000030786,0,0,2.4309650165530727,1.9650657709527697,1.39895459074137,2.43763049559598,9.96891257608359,1377.5111054378924,252
ENSMUSG00000030830,0,0,2.9860419252369645,2.894094767927065,1.91548918592918,5.05959591165809,10.6147336186145,2028.7604323168732,206
ENSMUSG00000031021,0,2.49851945906487,2.7385384208527355,4.4978589177374015,3.79867170240765,6.82192690444003,10.5654704925576,3152.999101333919,44
ENSMUSG00000031170,0,0.973591233100774,1.7098245068351547,2.232705701675595,2.23860138211077,3.29225315304346,10.073311994036,1565.1266968745915,148
ENSMUSG00000031342,0,0,1.0701087708640367,0.4032303591551735,0,0,9.28240885930765,282.66448176777664,548
ENSMUSG00000031375,0,0,1.9788103204807341,0.7387386908325974,0,0,9.41934686655124,517.855822273651,546
ENSMUSG00000031647,0,0,0.6546944443079742,0.19273839681323712,0,0,7.39054607863873,135.10961616607912,622
ENSMUSG00000031703,0,1.85572679604419,3.1738740200192224,4.526942372301174,3.62947330282953,7.82144827030273,10.5772580500573,3173.386602983124,70
ENSMUSG00000031785,2.15255984933528,9.57165350042539,1.7030837375932628,10.027794268474366,10.4220858127095,11.0956033105817,12.5905758546022,7029.483782200527,0
ENSMUSG00000031835,0,1.46359428224482,3.1733848963936633,4.063307561184631,3.00641919769643,7.26361599085579,10.8105827287297,2848.378600390423,102
ENSMUSG00000031934,0,0,3.2677791432525107,3.292752044269364,2.07495611384016,6.81344751185703,11.0570028821652,2308.2191830328247,212
ENSMUSG00000031990,0,0,2.4441288033048334,1.1822605436523652,0,1.1811237968343,9.41615422457718,828.7646411003079,482
ENSMUSG00000032193,0,1.72974012832682,2.6039196608664223,3.4114219038064397,2.57925801645725,4.48345960100915,10.6824589492874,2391.406754568312,64
ENSMUSG00000032231,0,1.65509773526111,3.2639290342254137,4.418803087920225,3.39736102232639,7.87230971024866,12.4414822910642,3097.580964632076,79
ENSMUSG00000032336,0,2.15877640615901,2.7845217465946064,4.335098786455668,3.26697508134205,7.23177926463994,10.558893740299,3038.904249305424,29
ENSMUSG00000032340,0,0,1.077597079440192,0.3309502214500029,0,0,9.20252553705736,231.996105236452,588
ENSMUSG00000032412,0,4.23953716362239,2.765246429357739,6.73416885079111,7.81900247802304,8.8653711049694,11.6910066471855,4720.652364404567,11
ENSMUSG00000032440,0,0,3.0641953911847595,2.788463577265012,1.65835522389281,5.09248125868716,10.3005265101173,1954.7129676627733,243
ENSMUSG00000032816,0,0,1.4061430113295748,0.7744435759064218,0,1.31134999355307,9.62430891197611,542.8849467104018,430
ENSMUSG00000032913,0,0,2.6349794485375977,2.2665855508907913,1.31979146923095,3.32960018605725,9.68007757131311,1588.8764711744443,247
ENSMUSG00000033777,0,0,0.6888798641042182,0.22798490509994823,0,0,8.95104780314987,159.81741847506365,593
ENSMUSG00000033880,0,7.71206786587244,2.3095254742941864,8.28852797864185,9.02852774407189,9.83132539851101,12.0425785085716,5810.258113027934,1
ENSMUSG00000034164,0,0,3.059207945240567,2.6384706635572064,1.50865871730416,4.51814139395003,9.69461720136841,1849.5679351536005,255
ENSMUSG00000034220,0,0,1.76482879060961,0.9309047261277397,0,1.29793827470105,9.04357521014198,652.5642130155454,442
ENSMUSG00000034708,0,3.05284341102061,3.0907580475964442,5.953366241349811,6.93587043419828,8.7407528778252,11.2631740634665,4173.309735186219,24
ENSMUSG00000034881,0,0,3.4876600209963704,3.1145147012532997,1.52510214938978,7.2686698714616496,10.8875447709616,2183.2748055785646,255
ENSMUSG00000035000,0,0,3.2692316179772978,3.36793637953631,2.20079113967359,6.36801282338391,10.9839234274497,2360.9234020549543,178
ENSMUSG00000035206,0,0,2.6066802389531305,2.5431050787096887,1.93144271318794,3.37297058629176,10.8334904356199,1782.716660175492,179
ENSMUSG00000035498,0,0,2.1333400657731953,0.9157604015938359,0,0.692403046351319,9.58837793140212,641.9480415172795,520
ENSMUSG00000035914,0,0,1.411276888577959,0.5804115967983428,0,0.88531687671487,9.53450539699538,406.86852935563815,510
ENSMUSG00000036503,0,2.48317167041196,3.309767373480696,5.667049502747009,6.62605935818799,8.80200453897483,11.3892768158277,3972.601701425653,43
ENSMUSG00000036594,0,0,3.2389615578578885,2.287535752875613,0.867257679899641,2.88476341723481,14.5787613342502,1603.562562765804,335
ENSMUSG00000037206,0,0,1.8878909130685426,0.6459601270696473,0,0,10.4116861477386,452.81804907582296,582
ENSMUSG00000037344,0,0,2.329567123476403,1.5453109820824635,0.770966200087333,1.97525689514047,9.39376034833505,1083.2629984398075,343
ENSMUSG00000037370,0,0,1.5939931362599318,0.762670898874459,0,1.11867377979642,9.44780967703009,534.632300110996,472
ENSMUSG00000037405,0,0,3.2748582092274487,2.812349496493819,1.53750253583906,5.24141730038624,10.5867669888339,1971.456997042168,253
ENSMUSG00000037440,0,0,1.752042391255942,0.6822537108240087,0,0.490431967860703,9.59080938478709,478.2598512876304,523
ENSMUSG00000037649,0,6.7504298142734,2.5259707133531233,7.47471759367725,8.28623430717771,9.1613503385547,11.6243338814023,5239.777033167748,10
ENSMUSG00000037902,0,0,2.8929110665555355,2.6358308186148003,1.74097104041557,3.9285518463712,10.1899960543314,1847.717403848976,206
ENSMUSG00000037944,0,0,2.1061650719762426,0.9150807747373662,0,0.957857175766553,10.2235752872652,641.4716230908938,505
ENSMUSG00000038147,0,1.99728272918296,3.2069386058313354,4.975895820892671,5.29281951636852,7.88788010682346,10.747401823119,3488.1029704457596,71
ENSMUSG00000038213,0,0,3.2900822133458423,3.1543132932732343,1.76024826154543,6.70245169683888,10.3950803242914,2211.17361858454,219
ENSMUSG00000038235,0,0,3.296344424938569,2.8856753993542448,1.46359428224482,6.33455529668182,10.3679967839096,2022.8584549473246,261
ENSMUSG00000038280,0,0,2.5646552098000073,2.2432910903753207,1.4623245673907601,2.90481888313754,10.0028771847565,1572.5470543531005,219
ENSMUSG00000038552,0,0,1.138055801136199,0.4469336811373159,0,0,9.07839064304796,313.3005104772584,540
ENSMUSG00000038668,0,0,1.4777613894421684,0.8665116710295802,0,1.42840154283654,10.6581130473143,607.4246813917359,402
ENSMUSG00000038963,0,0,2.7113250502238913,1.7401114006822835,0,2.10188102559634,10.4006051188518,1219.8180918782816,376
ENSMUSG00000039005,0,0,2.2534390688596297,1.0228286935755964,0,1.03396689612619,10.6015124727881,717.0029141964933,485
ENSMUSG00000039497,0,0,0.9530108204095011,0.42313351656295745,0,0,8.59105872514044,296.6165951106329,528
ENSMUSG00000039646,0,0,1.3512866697951855,0.45177460037610245,0,0,8.74388057825921,316.6939948636477,590
ENSMUSG00000040118,0,0,0.7613647461468286,0.2927139603833657,0,0,9.31642524188814,205.19248622873928,566
ENSMUSG00000040528,0,0,2.994167381266494,2.8197228323247914,1.74633582397582,5.05922337439558,10.0306359498233,1976.6257054596772,207
ENSMUSG00000040537,0,1.211071297316,2.1328942149206696,2.529604565272282,2.15731276655149,3.08105800598362,10.1140109308822,1773.252800255868,110
ENSMUSG00000040592,0,0.510122624062898,3.415477267665349,3.7175379662078463,2.34942563245674,7.5625068828201,12.0975972342882,2605.9941143117017,173
ENSMUSG00000040605,0,0,1.0742330221108203,0.20983014287137086,0,0,9.25530509721385,147.09093015283023,655
ENSMUSG00000040907,0,0,1.9611403827204668,1.190608163355341,0,1.63821923742197,9.70707697051741,834.6163225120944,379
ENSMUSG00000041046,0,0,0.36073888952505595,0.026052884893757518,0,0,9.0441193779709,18.263072310524013,690
ENSMUSG00000041329,0,0.916134843533747,1.5578205102456641,1.9716424446488248,1.87751552895965,2.88882989084887,10.4839578187663,1382.1213536988266,150
ENSMUSG00000043110,0,0,1.7908069353951541,0.6640128774392732,0,0,9.95733758867571,465.4730270849306,558
ENSMUSG00000043557,0,1.84743181875479,2.1770117007281224,3.0921896844509327,2.58423975741502,3.78590013770025,10.2656663841562,2167.6249688001044,70
ENSMUSG00000043895,0,0,2.2736080959728455,1.2034279530777412,0,1.55721039624272,10.2665726502399,843.6029951074972,437
ENSMUSG00000044156,0,0,0.5726230428462392,0.13702405539910145,0,0,9.53227000467193,96.05386283477016,643
ENSMUSG00000044393,0,0,1.0504976193420361,0.5812591161510476,0,1.1130892874972,9.47530659086339,407.46264042188454,456
ENSMUSG00000044827,0,0,0.7004186648719937,0.2402779795689854,0,0,8.47357511122807,168.43486367785863,593
ENSMUSG00000045092,0,0,2.2707083490340065,1.6989633795701813,1.03946563433246,2.33112325152602,9.75362685690587,1190.973329078698,302
ENSMUSG00000045362,0,0,3.340227246035876,2.423325200039498,0.916134843533747,2.9722606470516,10.9459284811418,1698.750965227689,331
ENSMUSG00000045394,0,0,1.256433995497573,0.5481934495114165,0,0.720099511905212,9.4350748818129,384.2836081075028,512
ENSMUSG00000047139,1.15550984186519,8.52459137213354,1.8079050602476063,8.980841795078472,9.38696701465053,10.0537672073348,13.0375044175879,6295.570098350007,0
ENSMUSG00000047953,0,0,1.737321720743188,1.4535558701088138,1.23718775630414,2.11471861607389,9.6067990866425,1018.9426649462782,269
ENSMUSG00000048376,0,0,2.8629230952371274,2.693234740178743,1.87960005167529,3.40267529718506,11.5104562175459,1887.957552865299,185
ENSMUSG00000048534,0,0,0.9232257587756821,0.24436947872421855,0,0,9.92939297351479,171.30300458567675,611
ENSMUSG00000049313,0,0,2.2884614525543334,1.5008516860770178,0,1.97062674112251,9.17737531715104,1052.0970319399903,357
ENSMUSG00000049488,0,0,2.309070024246098,1.3040988632428892,0,1.54770793349975,9.31706148020326,914.1733031332661,419
ENSMUSG00000050377,0,0,0.8980240080490928,0.34967910152683823,0,0,8.31652174794852,245.12505017031367,559
ENSMUSG00000050921,0,0,1.9507922732949552,0.7193673294985518,0,0,9.38517899806499,504.276497978485,566
ENSMUSG00000050947,0,0,1.9331250785202443,0.831556975733682,0,0.914567464019121,8.911949770498,582.9214399893114,510
ENSMUSG00000051498,0,0,1.4326713609351633,0.4818821248582175,0,0,9.04053366812462,337.79936952561036,565
ENSMUSG00000052013,0,0,2.0526643438932437,0.840467475577404,0,0,9.99553274762863,589.1677003797602,529
ENSMUSG00000052155,0,0,2.2381779106241564,1.6239941568215783,0.97036249057279,2.10787995375164,9.87799501264394,1138.4199039319274,319
ENSMUSG00000052593,0,1.91672923090927,2.8151263267712605,4.0842446365932235,3.0598293461329,6.93399906005473,10.2161840565412,2863.055490251847,44
ENSMUSG00000053062,0,0,1.3581344160772153,0.47227888181042343,0,0,9.50870194425373,331.067496149107,554
ENSMUSG00000053063,0,0.772761223985817,2.8890442977762536,2.928387049069448,2.17563236378791,3.9154681344784,11.6737589860258,2052.799321397682,170
ENSMUSG00000054252,0,0,1.3395577600058661,0.5786561384799465,0,0.843663588382151,10.7541202198245,405.6379530744419,504
ENSMUSG00000054641,0,0,3.383250359895149,2.8400688442814284,1.51697519194236,5.37035938801315,11.1607755628747,1990.8882598412818,255
ENSMUSG00000055022,0,0,1.1605223585694242,1.3469491916015162,1.41071732845249,2.13508290920139,11.245864897532,944.2113833126626,209
ENSMUSG00000055541,0,0,2.747693981428425,1.819479923650835,0,2.26285171727741,9.88166064719315,1275.4554264792348,357
ENSMUSG00000055912,0,0,1.036533257708104,0.23319930819626825,0,0,8.29077034261046,163.47271504558418,642
ENSMUSG00000056004,0,0,1.139340617267825,0.3379612010375289,0,0,9.4793292297715,236.910801927308,592
ENSMUSG00000057191,0,0,1.4597044382327382,0.46446448450744426,0,0,8.87222612343549,325.58960363971863,586
ENSMUSG00000057530,0,1.38790099508217,2.795754662029076,3.3772832173010716,2.38748546116658,5.54310074946737,10.7599711869542,2367.4755353280507,92
ENSMUSG00000059588,0,2.47259184031628,3.050666295147775,5.305919280669432,6.08509142939304,7.94153017423783,10.9791875628003,3719.4494157492713,56
ENSMUSG00000062585,0,0,1.4111140200328767,0.6657544965837339,0,1.01502657839425,9.93395259552283,466.69390210519657,487
ENSMUSG00000062593,0,0,0.796411905920007,0.15444971801633686,0,0,10.2889195808166,108.26925232945233,647
ENSMUSG00000063354,0,0,1.5682831392392496,0.4722926639082572,0,0,9.89933269785995,331.07715739968825,612
ENSMUSG00000064210,0,1.02969204939993,2.823416191045589,3.071469265213569,2.17563236378791,4.67442048337586,10.5291053622085,2153.0999549147114,128
ENSMUSG00000067336,0,1.23598764210105,2.861393039337799,3.256320651004144,2.21245896516624,5.67911849001512,10.5798992337886,2282.6807763539064,112
ENSMUSG00000067586,0,0,1.583461606114725,0.7393769959421234,0,1.09924734889097,10.1605251883474,518.3032741554285,479
ENSMUSG00000068747,0,0,2.9215296065038916,2.5341790948250513,1.51008998789997,4.00929349666189,10.4073425551219,1776.4595454723612,251
ENSMUSG00000074272,0,0,2.248192253453508,1.125369344178351,0,1.26330717559839,9.84554093702981,788.8839102690238,463
ENSMUSG00000074743,0,0,1.2431797556705817,0.3784800878556597,0,0,9.55984980413783,265.3145415868176,590
ENSMUSG00000074785,0,1.32647750475198,3.059582566373963,3.661736751699057,2.57022748788047,6.56442032240656,10.7302935718454,2566.8774629410395,112
ENSMUSG00000079037,0,0,2.0716016301090185,0.9788619954500225,0,1.17797405873574,9.64382748750211,686.1822588104653,477
ENSMUSG00000086564,0,0,0.7400263412899016,0.1786475963378351,0,0,6.79247663334311,125.23196503282237,647
