cell,min,lowerq,mean,median,sd,upperq,max,n_zero
HSPC_001,0,0,2.1428482980382846,0,3.5489987720876104,2.11957677964107,12.5666937921947,150
HSPC_002,0,0,1.6728587465875544,0,2.8229673021040824,2.23860138211077,11.97624292086,179
HSPC_003,0,0,2.5963861858327766,0.99291542475218,3.5583332913300048,6.15591912936885,11.1137965869531,139
HSPC_004,0,0,1.8506415500391564,0,2.868685434504728,2.46563180890946,11.1333073477069,147
HSPC_006,0,0,2.3375268398380618,1.27559606855927,3.1168927333125986,3.5356983113980402,10.0141020165204,138
HSPC_008,0,0,2.375479635626209,0,3.4752254840970904,3.8513242470085824,11.5744230371828,157
HSPC_009,0,0,2.2195491221300503,0,3.0048848926988376,3.59360985395146,9.99696991167486,148
HSPC_011,0,0,2.285128795665461,0,3.3893539811888336,3.19321240717145,11.2603799898268,148
HSPC_012,0,0,2.4306112599747354,1.74958750441744,3.072902740268272,3.7405863142344247,10.9047009450979,130
HSPC_014,0,0,2.2948586736307166,0,3.3011627450791607,3.14963297508639,11.0510803619455,156
HSPC_015,0,0,2.5147304810602247,0,3.182196494922502,3.78886170560806,10.7510249810839,143
HSPC_016,0,0,2.61152990102473,0.948758111818567,3.6171167289439783,5.941176091672455,11.3082385204092,126
HSPC_017,0,0,2.145642329649926,0,3.2714011609617244,2.3569242657010174,12.0584459692222,145
HSPC_018,0,0,2.7097136147261773,1.2484760354659,3.479112347424028,6.005592755328757,11.8938218703697,128
HSPC_020,0,0,2.508681458710407,0,3.4902837369338253,4.46980477843256,11.2808375792811,149
HSPC_021,0,0,2.170418974371254,0,3.232638399274846,2.99612345308816,10.7086715201397,165
HSPC_022,0,0,2.2871094746666665,0,3.422315080307155,3.35129812988303,11.8144741906492,154
HSPC_023,0,0,2.3143270170109322,0,3.6081601390260474,2.74870466263629,12.1134376914189,165
HSPC_024,0,0,2.194518215509549,0,3.4165037740642434,2.943810656969,11.2788129973236,166
HSPC_025,0,0,2.710461908918749,1.57168983289334,3.5212621051655986,5.7345801971554025,11.3092884765231,137
HSPC_026,0,0,2.720834407948891,1.38463145476943,3.5200241567818047,6.391591716421106,10.8649504150154,137
HSPC_027,0,0,2.45822163530351,0,3.4379748055081465,5.496198518039713,11.2659522362887,145
HSPC_028,0,0,1.9059848923653278,0,3.0610105429991674,2.03735730284717,10.7774895302338,141
HSPC_030,0,0,2.3382673188725467,1.11867377979642,3.264829159275816,3.00519082320265,11.3912518106875,131
HSPC_031,0,0,2.304876651232036,0.90255919153786,3.336769904113053,2.99186792043357,11.1748069445668,130
HSPC_033,0,0,1.9379035980868629,0,3.0902719039092488,2.43382577722977,10.8082565045271,163
HSPC_034,0,0,2.3220376393908833,0.798381683648558,3.1700354427230937,4.832396194369887,10.6707312840729,126
HSPC_035,0,0,1.8100094315699669,0,2.7482885385863693,2.17501107258818,11.2207005162641,144
HSPC_036,0,0,2.6917952565734344,0.887932244900957,3.4935554812487712,5.98224628244353,11.3017811692628,126
HSPC_037,0,0,2.3272294780723155,1.51697519194236,3.171706372097921,3.07854413822966,11.3991500203636,132
HSPC_038,0,0,2.21152493645762,0,3.291682064752204,2.86744182028623,12.2753358858802,150
HSPC_040,0,0,2.50914030141826,0,3.693299887557049,3.9949671801398527,11.8632280562143,142
HSPC_041,0,0,2.492189888800651,0,3.5720871880578757,3.9427653073929427,11.0161460856577,152
HSPC_042,0,0,2.36734357581603,0.867257679899641,3.319859980429952,3.8371070428997625,11.48518327382,122
HSPC_043,0,0,2.420434137599093,1.34166750205083,3.212574157854897,3.73069721841835,11.1231789705394,133
HSPC_044,0,0,2.3824970261182323,0,3.1648964486132476,3.9977833169837,10.7818626193184,144
HSPC_045,0,0,2.2768847376163723,0,3.2781574263834634,2.84303182688751,10.6288203269966,144
HSPC_046,0,0,1.970707691628527,0.845211367443789,3.0998633501184036,2.0656108200024,11.0311376273966,136
HSPC_047,0,0,2.4978925911220085,2.19470621226048,2.9998334686107957,3.93657737490289,10.1802329548392,133
HSPC_048,0,0,2.288544166754436,1.10813347562291,3.133329536674595,2.98804736386878,10.3352547980167,128
HSPC_049,0,0,2.4534612694123825,1.27454026299093,3.3056781041138694,3.819138646811285,11.844224149868,133
HSPC_050,0,0,2.6730126533753142,0,3.411673326974667,5.7721503514015176,11.3010697468798,142
HSPC_051,0,0,2.269328889214472,0.97572714618652,3.2472770131640045,3.16434975180771,10.8691824991876,131
HSPC_052,0,0,2.561110154484532,1.50906308107347,3.0120698024730537,4.64392935087979,11.6737589860258,114
HSPC_053,0,0,2.683532771491273,0.817986849477948,3.544986085661525,5.93717005846382,11.6244757917661,127
HSPC_054,0,0,2.1067803941674694,0,3.0678768092640634,2.56779178040811,10.7697307040363,141
HSPC_055,0,0,1.9586594443107128,0,2.845732726065409,2.57342643249714,11.1047685575712,146
HSPC_056,0,0,2.2953816589630263,0,3.4087965358575083,3.72088872728685,11.6271494761992,168
HSPC_057,0,0,2.429659974874152,0,3.2245674142099365,3.80607697569491,10.5752978973029,143
HSPC_058,0,0,2.295750073103621,1.39895459074137,3.1936324593207637,3.19936157176128,11.1338531043376,137
HSPC_060,0,0,2.111950430530912,0,3.1402066611511743,2.2011929583467,10.6309565597537,141
HSPC_061,0,0,1.9341908912563874,0,2.9202055586349234,2.48907035986836,11.1896796110951,149
HSPC_062,0,0,2.129284588899701,0,3.239704989545708,2.8753397644817924,10.4328139664873,158
HSPC_063,0,0,2.507723615841653,1.51495529339519,3.1832696916301217,4.89509424351078,10.9937281259498,129
HSPC_064,0,0,2.6959625286998343,1.10117659291222,3.382170516870744,6.412333043507313,10.8733281728808,119
HSPC_065,0,0,2.267559071093763,0.485181245286395,3.2910447798497295,3.821654836571,10.9023070265108,140
HSPC_066,0,0,2.136138337244719,0,3.238311334823911,2.6322700966471126,11.6080470120494,144
HSPC_067,0,0,2.479978018783583,1.44129301112238,3.3711055075241245,3.5484721076467927,11.1467992565916,139
HSPC_068,0,0,2.448589937294162,0,3.345145059941887,4.516942507855547,10.9005516617942,152
HSPC_069,0,0,2.4062982675393756,0,3.436447966421684,4.705239200008488,11.2583766431247,148
HSPC_070,0,0,2.582597627862936,0.894901494965213,3.558833873754194,5.47486208001182,11.6714871931617,131
HSPC_071,0,0,2.2844279005800385,0.92715061580046,3.328660316655489,3.25313746043354,10.7886157868984,138
HSPC_072,0,0,2.544598427887811,1.12146007344615,3.370236882860918,4.9392975766738525,11.3970394678671,127
HSPC_073,0,0,2.4910300195114137,0,3.3401179818273197,4.13433524098859,11.8436317586453,148
HSPC_074,0,0,2.4600771983776197,0,3.455360854976066,3.3995840958103773,11.6601239727679,147
HSPC_075,0,0,2.4126870352358982,1.67417793574287,3.334696687778707,3.01273263941883,11.9761152838575,137
HSPC_076,0,0,2.289317905284723,0,3.389840821000919,2.54950385729228,12.136018024251,145
HSPC_077,0,0,2.4335661082116387,0.66238508872719,3.4818141548429646,5.493702890527063,11.6020135960797,138
HSPC_078,0,0,2.6371147195787983,1.49180619817093,3.3273301088392575,5.472248118756328,10.6725735970531,134
HSPC_079,0,0,2.4321887567955223,1.38369943289134,3.239978614821447,3.61654160701865,11.1988591689791,131
HSPC_080,0,0,2.8806485263805954,1.01259597427352,3.7715120822749273,7.21964493595315,11.8364507006846,133
HSPC_081,0,0,1.922666652607178,0.767122528352067,3.1929922033130342,1.63487944637191,11.46814212696,138
HSPC_082,0,0,2.4744243070954295,0,3.5017255691517226,3.48772329276744,11.9622950746283,146
HSPC_083,0,0,2.863783101178262,1.89562024671249,3.4529406961144606,5.100571136486465,10.8647750808156,130
HSPC_084,0,0,2.289451045223661,1.12761022140603,3.3290086570029374,2.79177769378896,11.833954415681,136
HSPC_085,0,0,2.1571861571068407,0,3.2544770256902846,3.01004519167013,10.8094537976398,154
HSPC_087,0,0,2.314169659200461,0,3.1974662695046696,3.244773975748185,10.9759944861824,147
HSPC_088,0,0,2.2023075707523936,0,3.430285448026567,2.09176132634444,11.3618390751754,149
HSPC_089,0,0,2.3288145522663557,0,3.402905442487362,3.2455093247254476,11.300997226396,143
HSPC_090,0,0,2.2856603589975766,0,3.431286380635126,4.1744174470429,11.123729911917,151
HSPC_094,0,0,2.186061197926942,0,3.4270701087252244,2.00195990914399,11.6939191618393,146
HSPC_095,0,0,2.756085086668106,2.05526384475567,3.381110580711178,4.370393803866767,11.384944728781,133
HSPC_096,0,0,2.34806063824372,0,3.1150962780671376,4.48158141044262,9.60059481782271,144
HSPC_098,0,0,2.209271460030091,0,3.2843159042549286,3.35370354300994,11.0700455953102,169
HSPC_099,0,0,2.0823188698173434,0,3.0853995236922067,2.50511017420109,10.2002459192538,146
HSPC_100,0,0,2.3129994352925776,0,3.407901190243111,2.77517468764266,11.4517454047095,142
HSPC_101,0,0,2.5867979882363956,1.0070842085572,3.534223632021583,5.334399361626405,11.4555167726124,132
HSPC_102,0,0,2.2096522870717945,1.110881738739,3.2068763481898723,2.99252489589132,11.1525894811134,139
HSPC_103,0,0,2.8531024587353673,0,3.5121412366086453,6.123145387086307,11.3278974172785,146
HSPC_104,0,0,2.0986346651220806,0,3.2357767874462118,2.72036218829679,10.7458821936572,175
HSPC_105,0,0,1.8925620885608119,0,3.0340970947332777,2.12853470157935,10.7205569257434,175
HSPC_106,0,0,1.980025783754964,0,3.063468075182187,2.42456725466401,10.9191053859664,161
HSPC_107,0,0,2.278508917560541,0,3.2927521845378465,3.39643346088733,10.9824702113051,151
HSPC_108,0,0,2.2957817110397993,0,3.4398374997546517,3.360983837337197,11.7438902309733,156
HSPC_109,0,0,2.4196608352342754,1.59517396655746,3.179202253114117,4.006479125369685,10.4633956401839,139
HSPC_110,0,0,2.159245461854713,0,3.183123175876234,2.66737245685035,11.1213573140884,156
HSPC_111,0,0,1.7998118874918252,0,3.12450984479893,2.21393542666577,11.1087143318635,173
HSPC_114,0,0,1.8376160544221936,0.917281916155338,2.7573341999140433,1.87407358040632,10.4644559565259,120
HSPC_115,0,0,2.9426785722825195,2.34895994450343,3.3750846948921733,6.22307944689531,11.1244701835689,133
HSPC_117,0,0,1.9186796658728802,0,3.1419197664435483,2.306306773184807,14.5787613342502,159
HSPC_118,0,0,1.8552695871018932,0,2.8535109566645502,2.38748546116658,11.1192296203433,147
HSPC_119,0,0,2.2889616958849794,0,3.1121810507061825,3.29225315304346,12.5337629458003,148
HSPC_120,0,0,2.040581479745145,1.18667240704678,3.000056219930513,2.61001126478806,11.4379274096531,130
HSPC_121,0,0,2.8031642001827977,0,3.5269353156413965,5.79821607749563,11.3203698648536,150
HSPC_122,0,0,2.072436845162415,0,3.15280209623053,2.14007957520228,11.0127399855754,157
HSPC_123,0,0,2.199531373749031,0,3.156293066458615,3.2152547677636374,11.1627527396977,164
HSPC_125,0,0,2.1158217565887587,0,3.1821889844196387,2.40886160338862,11.368161498551,151
HSPC_126,0,0,2.001401622892668,0.938073190561841,3.1617520196827402,2.22152774209317,10.9622175336717,139
HSPC_127,0,0,2.2866817321101363,1.14720160406135,3.072531336820404,3.05120361685983,11.0279701174824,129
HSPC_130,0,0,2.550986962476477,0,3.512699727317108,3.96848487884896,10.5845041104798,148
HSPC_131,0,0,2.240161562668576,0,3.083038139816235,3.77280507895769,11.2158329025019,156
HSPC_132,0,0,2.1659318203674127,0.443805093287397,3.2131462922071807,1.851237305337315,10.643089621207,97
HSPC_133,0,0,2.5824615465784255,2.23435858631838,3.145508197769625,4.591489915515733,10.7297352449721,137
HSPC_134,0,0,2.3350209482003237,0,3.147133391356347,3.65862565332765,11.9952892397326,155
HSPC_135,0,0,2.4022203411563585,0,3.3489133110086047,4.133612102713917,11.5727860498364,141
HSPC_136,0,0,2.54614357613153,0,3.400078089389679,5.21878469408365,11.2807569963323,149
HSPC_138,0,0,2.1054389215513285,0.706233763043762,3.2282141441910066,1.81809683748558,11.1177234885715,127
HSPC_139,0,0,2.8755426414627827,2.07779318580842,3.2256147692912682,4.60397467321923,11.0126606996811,120
HSPC_140,0,0,2.2196484443645006,0,2.94398082041518,3.7160023586684,10.8925924160977,158
HSPC_141,0,0,2.385021600938313,0,3.2511494655806925,4.14902556886649,11.0994052398318,157
HSPC_142,0,0,2.2315256009191904,0,3.3379486929559263,2.52343098559295,11.9021852042242,145
HSPC_143,0,0,2.592100380051049,0,3.408126072436828,4.248301031226415,12.9322570801808,141
HSPC_144,0,0,2.0038977741702615,1.07528768987915,2.829310191167049,2.44057191222592,11.1211857528451,119
HSPC_146,0,0,2.4177416866143853,0,3.377916166332377,4.430300473494983,10.3846841044774,153
HSPC_148,0,0,2.3848994153685843,0,3.621708015813993,3.28761327235135,12.8228166929683,165
HSPC_149,0,0,2.313676766086119,0,3.3167413652909663,3.138619497779705,10.9103457523483,158
HSPC_151,0,0,2.43748811802556,0.971110063554805,3.2646061982343637,3.25230927542585,11.7148403106443,140
HSPC_152,0,0,2.2473450337564405,0,3.2570843443541544,3.29342425434243,12.4626551805834,164
HSPC_153,0,0,2.4147187814635607,0,3.4128672971932366,3.52413323342113,12.2054259082628,164
HSPC_154,0,0,2.4756824755959217,0,3.344684798727679,4.65294714184402,11.4365676027774,151
HSPC_155,0,0,2.4684223432398107,0,3.3719354698334385,3.62095168660814,11.2066181705082,157
HSPC_156,0,0,2.229734161045789,0.554468342636955,3.3515070705834225,2.09774266839637,11.2430568745241,109
HSPC_157,0,0,2.4928455937674117,1.99295990602546,3.1548216119313377,3.69177009673939,10.5394337532048,139
HSPC_158,0,0,2.119314653913478,0,3.2177749859152476,2.92995212439332,11.3361376786266,161
HSPC_159,0,0,2.461473551204103,0,3.3932112362054436,3.3397612045666727,11.1232652218548,146
HSPC_161,0,0,2.533374153047291,1.7013666966581,3.3107449510365514,3.61593938054464,11.4291748956007,137
HSPC_162,0,0,2.3472820433444332,0.715248961122399,3.417142857233162,2.49728554343845,11.0064802918767,117
HSPC_164,0,0,2.1612142420056433,0,3.2403556250455168,2.55313341877376,11.8652353954748,155
HSPC_165,0,0,2.083720638621461,0,3.036363903120982,3.01990636872775,10.2824527162479,157
HSPC_166,0,0,2.1774205065774814,0,3.2777803346787504,3.29575825606144,11.4267442567297,167
HSPC_168,0,0,2.3901176253542715,1.00165733371159,3.107811312567979,4.700572356616142,10.3934792562033,123
HSPC_169,0,0,2.0379474363351644,1.1584926051447,2.89238035756663,2.23165424111768,10.4469762415212,123
HSPC_170,0,0,2.4012412245079897,0,3.1933723718339255,3.70265085169231,11.2883743892775,150
HSPC_171,0,0,2.3117675322700846,1.52466850844462,3.0906942935465733,2.72936089378523,10.4680265905374,131
HSPC_172,0,0,2.3115259569914093,0.767888504495376,3.3552644566190435,3.7889325650982824,11.1441708997943,131
HSPC_173,0,0,2.2881468349733614,0,3.0147642880300567,3.03680585247979,11.0740139735985,144
HSPC_174,0,0,2.443911338526265,1.25697971064401,3.3317128808257417,4.996423466528742,11.0949943966067,138
HSPC_175,0,0,2.613332037297908,1.49570993835568,3.077405738864179,4.845232174628155,11.2352473258841,120
HSPC_176,0,0,2.593246722845026,2.0239334647463,3.1139767030806995,4.091914932840043,10.3794210728035,129
HSPC_177,0,0,2.4213201376685127,1.97104598638204,3.0516262237372866,3.66472067308188,10.8644132399801,136
HSPC_178,0,0,2.2771339311146583,1.00257353959637,3.234291737436982,2.81176389758931,10.9788373102504,121
HSPC_179,0,0,2.205082321234692,0.836036456918801,3.2715839588584354,2.3003273760519,11.2440720524947,128
HSPC_180,0,0,2.5558997279521347,1.5435608496341,2.9983754331518515,4.79762717373442,10.802437477164,122
HSPC_181,0,0,2.889720971146656,2.02995418468828,3.1570022563011806,4.84575444280337,10.9451688193234,116
HSPC_182,0,0,2.363363919824914,0,3.089969391832768,3.77879267679739,10.3986463614324,146
HSPC_183,0,0,2.2418794315360837,1.0204766688637401,3.1606504527656942,2.84228186461241,10.5304868428788,128
HSPC_185,0,0,2.707891018187662,0,3.2682557719517127,4.85477636320719,11.0789644429685,141
HSPC_186,0,0,2.05312807824605,1.60584903619109,2.8243586928766784,2.83415391733754,11.0163326309792,138
HSPC_187,0,0,2.360136578290107,0,3.1966682613652035,3.54118417780517,10.9227846637556,152
HSPC_189,0,0,2.119621731104916,0,3.168555614266689,2.65150656489994,11.2998382413172,151
HSPC_190,0,0,2.416800543129102,0,3.333772937272504,5.225885387394677,11.0227278492994,141
HSPC_191,0,0,2.1747883189484933,0,3.189838657526645,2.57400375200099,11.4539401807409,145
HSPC_192,0,0,2.1923816918441474,1.41170085205832,2.9947045557963663,2.66887270550978,10.2246825462076,135
HSPC_193,0,0,2.5447744817630316,0.96911564624457,3.066180033474618,5.1191223415431395,9.87278588099882,103
HSPC_195,0,0,2.7306627818193987,0.917486357001901,3.5899926607271047,5.889884001445062,10.4757366700785,123
HSPC_196,0,0,2.3267892336813385,1.37944003169604,3.277585370240941,2.62518345599626,11.319485592368,134
HSPC_198,0,0,2.1545596130810076,1.10526450271213,2.9018782708647444,2.75636489643854,11.4047988359479,117
HSPC_199,0,0,1.9087096055165067,1.06935938546809,2.580836303659629,2.43135695674538,11.376870560118,114
HSPC_200,0,0,2.346206962103077,1.57213181376263,3.1642532365048095,2.79083726740085,11.3344165520898,134
HSPC_202,0,0,2.138409310994656,0.804472375903923,3.1482429117066197,2.0568670899526227,11.0515982697691,111
HSPC_203,0,0,2.0582326363280723,1.3111938683595,2.899331834212923,2.79199575053172,10.8520539694962,136
HSPC_204,0,0,2.7164398293023684,1.34243533561369,3.2738114490812102,5.61135133196776,10.2694066053441,123
HSPC_205,0,0,2.519764800224453,1.99678011816233,3.086178426972753,4.24385909852363,10.817481583586,134
HSPC_206,0,0,2.426086939178912,1.0764106753878,3.2877171197274095,4.05699856596126,11.8661830674398,125
HSPC_207,0,0,2.2974210690001775,0.92350079970713606,3.3459110706907786,2.67361822482885,11.4286724672479,133
HSPC_208,0,0,2.893379914553231,2.26285171727741,3.312931790049399,5.013671754619633,11.3754604227072,125
HSPC_210,0,0,2.3150814165861293,1.02132905043762,3.1956010802030814,2.6761853501930926,12.2081874211823,119
HSPC_211,0,0,2.4250454348087445,1.3512099391486,3.0393512536844387,3.820308313184203,11.3602075823205,119
HSPC_212,0,0,2.3360334960593634,0,3.2044936951955445,3.44312701245986,11.8082109404497,157
HSPC_213,0,0,2.483081657002967,1.27033204812881,3.2664625390770117,4.9032928207774376,11.5482449257876,132
HSPC_214,0,0,2.1976242691215475,0.919509781346917,3.140654685562518,2.713881619959867,10.6946676863655,127
HSPC_215,0,0,2.562778386552883,1.65291836252747,3.3448538629744844,4.34356565303541,10.9328154033584,136
HSPC_216,0,0,2.601024799052634,0.802159658288556,3.3969800710263076,6.00760268904041,11.2118552626448,123
HSPC_218,0,0,2.4670942739261386,0,3.36676919455928,3.98014862370592,11.6543380041231,158
HSPC_219,0,0,2.2905538584366805,1.02689729186899,3.320527076806296,2.85316210524688,10.8006256681318,137
HSPC_220,0,0,2.448985872305788,0,3.2625467395339713,4.4858076784286,10.4096543637441,153
HSPC_221,0,0,2.6412729670260418,1.26852003388706,3.4489302700021427,3.61743297046523,11.6507175340147,125
HSPC_222,0,0,2.261927992029151,1.44916653551731,3.0736323291023346,3.27090459920785,11.1327965179434,136
HSPC_223,0,0,2.2714513817215405,0,3.085186181383112,3.7267749862917,12.0004040461124,155
HSPC_224,0,0,2.4923343110129124,0,3.2705514607274617,3.76890298002616,11.1135947836111,150
HSPC_225,0,0,2.584507261739832,0,3.4205292289302864,5.253497561015243,11.6713593811464,150
HSPC_227,0,0,2.492196782674792,0,3.3799321595174017,3.6915669078239546,10.8149280385763,144
HSPC_228,0,0,2.37021805446078,0,3.049528149112588,4.48828666246907,10.1652561580574,148
HSPC_229,0,0,2.7423406506433814,2.48386394844207,3.202714021047843,4.83610695866176,11.1428836656009,134
HSPC_230,0,0,2.585708085069372,0,3.4582114440050904,5.188375076449405,10.7337796256944,147
HSPC_231,0,0,2.3793471510353954,0,3.211029233111823,4.78701381307854,10.7898850322688,161
HSPC_232,0,0,2.2635909941351304,1.86882421049006,3.167862952007278,3.16302266499735,12.0975972342882,138
HSPC_233,0,0,2.5313394796565696,1.25414584456622,3.455845802261695,3.9247584558748825,11.5326887724305,138
HSPC_235,0,0,2.5516413181177926,0,3.234329968530575,4.388723142358453,11.7652522038891,146
HSPC_236,0,0,2.2046491569603566,0,2.9032535730016193,3.74754971004275,10.2340632821083,145
HSPC_237,0,0,2.4566658047037233,0,3.170683246650393,3.487506197739065,10.6297927581252,141
HSPC_239,0,0,2.6557541245831353,2.20677670688641,3.210283766275619,4.90358866795063,10.8581575170681,138
HSPC_240,0,0,2.0485478445142404,0.89198270275009,3.016189219943512,2.6169100646576,10.5277402923283,136
HSPC_243,0,0,2.310533157253956,1.11827196884179,3.2066244968824784,2.574333782705385,11.069027981905,130
HSPC_244,0,0,2.6638395660226766,0.787155698191534,3.4402643480229984,6.2394869601784775,10.0730262257865,114
HSPC_245,0,0,2.359791285276038,1.45948845501889,3.1755640038057034,3.00007814944743,11.2968621255139,133
HSPC_246,0,0,2.3212250880399043,1.62940555576413,3.170407900350728,3.22888328524889,11.2366844776168,138
HSPC_247,0,0,2.537247445554645,0,3.140021053069141,4.68683603532048,9.82112597787667,145
HSPC_248,0,0,2.3718656285648456,0.845267396473175,3.209157754790529,3.30903838282559,10.8128230803835,140
HSPC_249,0,0,1.8029135414538455,0,2.675170916719598,2.33496698233054,10.5679777553282,144
HSPC_250,0,0,2.751415405724152,1.2779768075828,3.4148050405373063,6.329519651607365,11.2563721171523,128
HSPC_251,0,0,2.562603972816552,0.971375882195542,3.2396096689204104,4.916705079997755,11.1252127031908,115
HSPC_253,0,0,2.491645983631405,1.26541287478163,3.1406467374321427,4.18496312284895,10.4345245807424,121
HSPC_254,0,0,2.176752660165696,0,2.990911552359784,3.43712700027589,10.4224896457203,155
HSPC_255,0,0,2.1877576158465843,0.90975909313826,3.0699746542448527,2.43126425265322,10.7951604779453,116
HSPC_256,0,0,2.105109764687828,0.824834987475934,3.2592161354369273,2.3331290750376503,13.0375044175879,137
HSPC_257,0,0,2.6298931031377997,1.24082035135306,3.287001127852399,5.64615794209421,11.4988410736412,127
HSPC_258,0,0,2.0295409158404407,0.852637180032129,2.8722419883551513,3.07838037379291,9.91157744324327,130
HSPC_261,0,0,2.1418748484214722,0.538717608717532,3.284027774350138,1.9352423397445726,11.3247337445895,112
HSPC_263,0,0,2.6130436266229227,1.53750253583906,3.204880530199768,4.484979740653805,10.5712116900271,126
HSPC_264,0,0,2.37363146928616,1.42574125596529,3.1735947501439914,3.23765930299812,11.1362377488697,133
HSPC_265,0,0,3.1765979745775312,1.88259757847543,3.3006748292822343,5.70211149311898,12.4362913070933,105
HSPC_266,0,0,2.833094047478626,1.83851489334767,3.249514608647125,5.800585785746197,10.3380246079949,127
HSPC_267,0,0,2.4909897888706105,0.967542645881918,3.3219068773201132,3.534530810637197,10.0138851061252,119
HSPC_268,0,0,2.5341851186742193,0.778688853343349,3.409813101041646,4.987137307518317,10.7847714213545,127
HSPC_269,0,0,2.402864844692883,0.863202651585157,3.241244035807831,4.317612096579563,11.2689135010253,98
HSPC_270,0,0,2.689942955050817,0.963660074805382,3.393691647233382,5.726588971421335,11.1648170824604,120
HSPC_271,0,0,2.4932327910819776,1.35178112648179,3.367299041193752,4.43010793383504,11.6362412919979,139
HSPC_274,0,0,2.382494344381753,1.72974012832682,3.1274839497775315,3.35990383193181,11.165428723296,134
HSPC_275,0,0,2.53745197905704,0.525159677506061,3.6747940161135206,5.732878950423174,11.6234260922716,131
HSPC_276,0,0,2.485393435757179,1.1558018962519,3.410444827889101,4.622632904202113,11.5624982309736,139
HSPC_278,0,0,2.1608020568989197,0,3.233629982766734,2.26985003330565,11.7337687495987,141
HSPC_279,0,0,2.496893953288528,1.48739309391761,3.1549675350862896,3.81320512064898,10.9002963044589,120
HSPC_280,0,0,2.5804351596009023,1.60835194899654,3.3773892527775153,3.9847415274264053,11.6729159644256,134
HSPC_281,0,0,2.736915757003581,2.61118397980485,2.9555014629071223,4.73065330327947,10.0757737630989,123
HSPC_282,0,0,2.427225534984721,0.702071386030348,3.3631937941004124,4.12535645529627,11.1094085006006,116
HSPC_283,0,0,2.5344464301791656,1.91144140308728,3.045725573136043,3.88842550384496,10.2579752750644,128
HSPC_285,0,0,2.4867665741635214,0.865804199298114,3.2052417576980163,5.380379409299523,10.5532650954797,116
HSPC_286,0,0,2.292902956370671,1.17797405873574,3.169140981522221,2.59701930887687,11.1118233294798,123
HSPC_287,0,0,2.7748008544277587,1.0486721262209,3.305372560377938,5.475676071651008,10.9254274814957,107
HSPC_288,0,0,2.641246021864757,0.854784243294743,3.534974281659218,5.420436254104655,11.0814435483352,125
HSPC_289,0,0,2.925111006811343,1.95262083550283,3.2604599721948038,5.613276618887207,10.198623315814,118
HSPC_290,0,0,2.303891414623714,1.17632068879631,3.2565446354561773,3.4451294317524224,11.0939683505809,139
HSPC_291,0,0,2.662029396681571,1.17584219158419,3.4286630282058894,5.689733699542957,12.25469781049,123
HSPC_292,0,0,2.53380045167607,1.31979146923095,3.3515944655557757,4.297422072727253,11.0898563942239,134
HSPC_293,0,0,2.5375316441432854,1.07703574254678,3.2329063737301698,3.45776133699068,10.9869270606882,110
HSPC_294,0,0,2.4364853559234696,0.916134843533747,3.1369321489312676,4.82038828799924,10.6134656410295,115
HSPC_295,0,0,2.8490867009868492,1.47872908175885,3.0124695505856343,5.28200365794572,9.98619276841485,85
HSPC_296,0,0,2.9769063200198396,2.15700100700681,3.1678461588458786,5.00624469128354,10.8304285013651,111
HSPC_297,0,0,3.061586137601839,2.44446418186785,3.1411022946166507,5.00462009648997,11.0087361608523,101
HSPC_298,0,0,2.2771661639907155,1.28125837940723,2.800174576566124,2.74889812886697,10.635727706834,81
HSPC_299,0,0,2.5970809552400898,1.71606684500309,2.875087253527442,3.76231401054973,11.6625304819642,90
HSPC_300,0,0,2.3458958116437327,1.16252774570097,2.992678359664135,2.876274293528118,11.6900244227111,87
HSPC_301,0,0,2.738892882844972,2.23531494660445,2.8209682175430952,4.592653807175293,10.3636665663551,115
HSPC_302,0,0,2.8897659885428255,2.24021160043364,3.0116484165025756,4.94473236840999,10.4980209019581,114
HSPC_303,0,0,2.3400334323073717,0.834797997959676,2.91795079845976,3.2942335900214825,10.3021907735194,93
HSPC_304,0,0,2.370962522375465,0.972708798006996,3.0839495682678995,2.994183258799815,11.7184587542776,107
HSPC_305,0,0,2.4693433219734766,1.15217545011913,2.9444833895821434,3.30003327487295,11.0512199553087,103
HSPC_306,0,0,2.4964870509619863,1.302829776811195,3.046526444543359,3.01549620990536,11.2112142794603,99
HSPC_307,0,0,2.8725500213956443,1.97647205288588,3.0567916493279754,5.39554750600736,9.92131669504952,121
HSPC_308,0,0,2.8124943840831107,1.63415235501937,3.1809333912533,5.088970527464918,10.5274182533507,114
HSPC_309,0,0,2.89218436807469,1.80402593903658,3.153992333549647,5.16539199537242,10.4756258602431,116
HSPC_310,0,0,2.8739224589655596,1.7434035246165,3.1473595525438784,5.00443300714307,11.1072161777294,107
HSPC_312,0,0,2.6454241387125434,1.42032640617576,3.152107619350628,4.925321377027348,11.3671009605731,95
HSPC_313,0,0,2.6365833789356916,1.59158850926952,3.125678243968356,4.25733434164199,10.6438248187388,123
HSPC_314,0,0,2.563699547981725,1.63486305703573,3.072552006904152,4.29685895676311,10.882337595517,123
HSPC_315,0,0,2.628406133346751,2.26163065789822,3.036329886227346,4.0922544009363975,12.140078700689,124
HSPC_317,0,0,2.647961619444891,2.33503793065398,3.07316725982422,4.10287386153206,10.932986266885,131
HSPC_318,0,0,2.6369738316131706,1.72753264429706,3.2647438599235663,4.482895997996595,11.71215968425,128
HSPC_320,0,0,3.0643277805766935,2.33992704019262,3.122606949943411,5.325338803369785,11.5889862462381,98
HSPC_321,0,0,2.742221915449387,1.83463612879385,3.2290683664930806,4.33992891552232,11.6946875419196,103
HSPC_322,0,0,2.594819073729644,0.984214309059942,3.177191604806898,3.4619226884997625,11.9594293721691,100
HSPC_323,0,0,2.905496924950037,0.989029309665862,3.53526061982028,5.629414678178572,12.2668450647178,102
HSPC_324,0,0,2.655495824407852,1.08803647063132,3.1765248306038716,3.7715994213323576,11.3098485354687,102
HSPC_325,0,0,3.0912528288598895,2.13190776974939,3.2060293995082465,5.19066036854725,11.1339705885546,88
HSPC_326,0,0,3.0208475232216374,1.78083364421225,3.201321601064582,5.5815418181802805,11.2682388842599,112
HSPC_327,0,0,2.8378009952272016,1.08507747034988,3.432199731237801,6.387641057112835,11.4327245129426,100
HSPC_328,0,0,2.5815161459599745,1.93573395731868,2.9659873606729774,4.04801806671873,11.9083884268072,102
HSPC_329,0,0,3.0338610014392264,1.95424856856589,3.237773177680244,5.497225278804542,10.9273854091341,98
HSPC_330,0,0,2.790585676210409,1.87022052181649,3.0784346949589185,4.408949400144773,11.5613207439716,93
HSPC_331,0,0,3.057805604951763,2.95308035739504,3.037632111190062,5.1176966092935,10.8550475949455,105
HSPC_332,0,0,2.7680483063415404,1.64440037747881,3.17015957604413,5.140846656410813,10.4202331715883,99
HSPC_333,0,0,2.4282993979454712,1.31996437068286,3.1750308151850173,2.984652171030765,11.9456411782654,101
HSPC_334,0,0,2.8940489146153845,1.93108940224779,3.1930228887603196,4.16032186572011,11.5921454998538,107
HSPC_335,0,0,2.745947998763161,1.5414253202459,3.0052070335505774,4.46067790699095,11.0756897741742,104
HSPC_336,0,0,3.0510793393415807,2.76124750963298,3.132580384728631,4.40799025535996,11.245864897532,99
HSPC_337,0,0,2.4154263972042136,0,3.2262855426937227,4.18761790030075,10.2054442563023,157
HSPC_338,0,0,2.205139013582441,0,3.475093694427453,2.4494079785855,12.0520222628841,150
HSPC_339,0,0,2.3247968980326226,0,3.4503799476624315,3.1357156469218896,11.8579984676454,144
HSPC_341,0,0,2.082258678368286,0.955339191858289,3.194794550309716,2.011807488314735,11.3855243353778,135
HSPC_342,0,0,2.4572126077163583,0.445217566133486,3.689279182713141,4.9582014521185025,11.8066347748714,129
HSPC_343,0,0,2.3630594594036642,0,3.526658119500815,4.284543420367765,11.4223528746538,143
HSPC_344,0,0,2.2902660386575358,0,3.385170079476796,3.23787073914579,11.8768547578959,153
HSPC_345,0,0,1.9839946219345248,0,3.159385557189971,2.56131827376261,10.9393009974854,167
HSPC_346,0,0,2.5126167119686476,0.51973281716623,3.4808081624102396,5.203286532380383,11.1526556634564,140
HSPC_348,0,0,2.2320720475891602,1.11305439769412,3.0923754529776195,2.8746565038209124,11.1610343390009,132
HSPC_349,0,0,1.9489793439972358,0,2.990908693737361,2.78389030441234,10.7199571677695,154
HSPC_350,0,0,2.1102340933770494,0,3.294710119394145,3.07040175780969,11.1455641964207,175
HSPC_351,0,0,2.2594472952894433,0,3.372499252922999,3.21359490446646,10.9119065715658,166
HSPC_352,0,0,2.3327619754205196,0,3.4925302704994556,3.1967183936270525,12.2751910107541,154
HSPC_353,0,0,2.1620188396893836,0,3.3949301106481626,2.81868007393684,11.3512190162081,160
HSPC_354,0,0,2.4272619386741505,0,3.3893201863732347,3.807851896791673,11.1895222094412,160
HSPC_356,0,0,2.134685719877135,0,3.1376786852144516,2.70868271260134,10.6623515802292,159
HSPC_358,0,0,2.277544519668275,0,3.1984072041179625,3.60845310314988,10.9236139335953,142
HSPC_359,0,0,2.0118540961026037,0,3.4261236328292295,1.45981833468344,11.678382153151,148
HSPC_360,0,0,2.3814695028579096,0,3.4522701943825,3.04411267328822,11.2025689228741,154
HSPC_361,0,0,2.1371516454863393,0,2.9855562259160364,2.87485264277174,10.8465871284171,149
HSPC_362,0,0,1.783216823295887,0,3.089221918554131,1.59429791960105,11.8885740598712,177
HSPC_363,0,0,1.9866638379414059,0,3.1259305554465824,2.74974516267129,10.3889644750546,174
HSPC_365,0,0,2.9373187717094225,0,3.7298915414836165,5.572327452840537,12.4267461515192,149
HSPC_367,0,0,2.448589857616188,0,3.284570927874276,3.93594600287075,11.0807157462547,153
HSPC_368,0,0,1.8766334042535129,0,3.1371444322418602,2.01762160062751,11.5232858153746,164
HSPC_370,0,0,2.7681484228019673,0.797133966510081,3.7010644587218042,6.535793918503662,11.9635739241016,137
HSPC_371,0,0,2.427760393386817,0.761334991551487,3.480629914439766,4.957805767805365,11.422272722506,137
HSPC_372,0,0,2.486771117640461,0,3.485339116875884,4.2264791290179975,11.6999996524353,151
HSPC_373,0,0,2.329932488309406,0,3.243794764193378,3.78363416847452,11.6724995620624,164
HSPC_374,0,0,2.2098998106195813,0,3.416555816427031,2.439873197371117,12.0447700206678,145
HSPC_376,0,0,2.6253994704422072,0,3.6454978657153254,4.365435573382108,12.0105219878014,146
HSPC_377,0,0,2.456481106522164,0,3.3502610688459584,4.874742348596342,11.2816587685627,146
HSPC_380,0,0,2.2906884109947114,0,3.5293809349847574,2.4029280447503876,11.4145298117043,151
HSPC_382,0,0,2.3317979730606373,0.972847598007387,3.441567855262827,2.7604902296161,11.336975755527,132
HSPC_383,0,0,2.3067892591324757,1.75302041220252,3.1307526855632877,3.11250967924778,11.5922546252681,139
HSPC_386,0,0,2.3508826519457835,0,3.4581331494835115,3.70368832583424,11.078855979889,157
HSPC_387,0,0,2.2551858450228246,0,3.2583689210152493,3.151159999555097,11.6996491194189,149
HSPC_388,0,0,2.496859592171028,0.903714255010423,3.388507495356032,5.358725351895861,10.992307489535,133
HSPC_389,0,0,2.0811565939217056,0,3.208280075367305,2.72286276344563,11.8678234183251,154
HSPC_390,0,0,2.1310461385582666,0,3.115578462786697,2.73833909764383,10.9128404320493,148
HSPC_391,0,0,2.025563810227356,0,3.19061538918059,2.12556027177813,12.0207024445578,155
HSPC_392,0,0,2.3559923404624556,0,3.3898938702975707,3.78091423882298,11.3698510785639,146
HSPC_393,0,0,2.062532954314803,0,3.1629548409662744,2.16323207043427,10.529907190404,144
HSPC_395,0,0,1.7789979125980313,0,2.914797111407147,1.92374693875344,12.2194962779927,152
HSPC_396,0,0,2.1636945864684907,0,3.350485542073563,2.68147271312147,11.2919135916062,151
HSPC_398,0,0,2.3085244933418028,0,3.5344993888729235,3.9943817937803,11.4311886728324,158
HSPC_399,0,0,1.8310402419987744,0,3.2053785146363376,1.8443980909379,11.3434680832568,164
HSPC_400,0,0,2.0910606881306,0,3.236580237427318,2.7810857893262604,10.8626998750592,163
HSPC_402,0,0,2.342747061083784,0,3.632357315970425,4.551580620451315,11.4441899796395,166
HSPC_403,0,0,2.0604742413730093,0,3.2902543102945185,2.44963799629115,11.9996005753911,160
HSPC_404,0,0,1.8780672888455536,0,3.1510907450970183,1.64413779999489,11.188281460102,149
HSPC_405,0,0,2.365995245566919,0.549623674445485,3.5098728568725037,2.5448962248217573,12.26050495988,140
HSPC_406,0,0,2.1691690011037505,0,3.195577385711335,2.60619003688638,10.8664621861199,145
HSPC_407,0,0,2.6113210299286846,0.565048997116476,3.6897844611479096,6.000298116696024,11.2956158568397,126
HSPC_408,0,0,1.9173590601386419,0.577545871840043,3.2832227137310492,1.30855058819312,12.8185140636473,137
HSPC_409,0,0,2.2337533685270206,0,3.1435890447349184,3.04439939560628,11.5948554238179,156
HSPC_410,0,0,2.3084792375112264,0,3.3968683719001005,4.022094987381642,11.6202082497847,143
HSPC_411,0,0,3.1194335800630153,0.905925315120894,4.094450372478122,7.75740362988223,12.0858083848438,139
HSPC_412,0,0,3.0437457832863837,0.661407900808971,3.854186729756705,7.4694992210225,11.5582122325182,131
HSPC_413,0,0,2.4325558962886724,0,3.5251376297891257,3.328516595924387,12.5487466178521,142
HSPC_415,0,0,2.903945392742249,0,3.7155722272316183,5.53059628364492,12.3593702822139,154
HSPC_416,0,0,2.2280047992429446,0,3.3941998835183047,3.11064267757186,11.3379806163729,159
HSPC_417,0,0,2.424200110703313,0.722157822200918,3.667032878015429,3.0794888696481175,12.0313667668126,134
HSPC_418,0,0,2.507935374696154,0,3.706250687411056,3.249030139961552,11.8570525382069,150
HSPC_419,0,0,2.6246421534879962,0.692403046351319,3.92387992982339,4.815621287324842,12.0526133792512,137
HSPC_420,0,0,2.514351952667065,0,3.751576077433856,5.708607117395244,11.2702154440362,144
HSPC_421,0,0,2.0745205112069134,0,2.8676380137697324,3.6824173043633,10.2496081232345,158
HSPC_422,0,0,2.5519323934171307,0,3.6639505080052337,5.382336007264172,11.691470196386,142
HSPC_423,0,0,2.120268959275931,0,3.4458056390710374,1.54962745594469,11.561287600858,143
HSPC_424,0,0,2.225496124098552,0,3.4201625846228834,2.47072140219413,11.7336483160796,150
HSPC_425,0,0,2.658272127980421,1.01601533584419,3.670416009474383,6.47443615140208,11.30272138093,136
HSPC_426,0,0,2.2350775758708368,0,3.174648619848791,3.13356327625911,10.8875676359295,148
HSPC_427,0,0,1.8292917475966246,0,2.5391788572401928,2.97990468735059,10.5166700159555,155
HSPC_431,0,0,2.359961237663411,1.10183260163951,3.028158457930336,3.63954651471307,10.5333129956413,119
HSPC_432,0,0,2.1690235395329704,0,2.8853795856769593,3.2613327933396,9.91129098621145,146
HSPC_435,0,0,2.0602908707914125,1.09751231942372,2.774370758683349,2.74400382280323,10.6765657200537,120
HSPC_436,0,0,2.3879576979033743,0.471855442372482,3.438159391478004,4.37375202843812,11.2838744644439,111
HSPC_440,0,0,1.7120561307924533,1.38524653178577,2.4929667247555485,2.07872316261446,11.0647133507648,138
HSPC_441,0,0,2.2651662029921185,1.08412646895473,3.2202994486791625,2.82796214318944,11.1515148365771,136
HSPC_442,0,0,2.1091439394489173,0.594997589616009,3.2021634804388115,2.19323254254224,11.5602945909758,114
HSPC_443,0,0,2.5663072030707537,0.773447463452595,3.403474928214907,4.942319765941235,10.9262503684183,140
HSPC_444,0,0,2.261636064128699,1.37408908641104,3.1011214012976045,2.9518625913270826,10.7051658115225,138
HSPC_446,0,0,1.4752002824216568,0,2.520234573146216,1.68319479049739,10.5446588727058,170
HSPC_447,0,0,2.44591502248314,1.1130892874972,3.232380028296906,4.73269438361136,10.3025766492585,133
HSPC_448,0,0,2.3962945985902104,1.1394440876006,3.2235562719242226,3.6600231363465525,11.0906190607948,128
HSPC_449,0,0,2.163988851776295,1.34405583928686,3.1021816784167626,2.48952240571348,11.3235252467572,137
HSPC_450,0,0,1.9460760113653914,0,2.917399800501189,2.48317167041196,10.397174901787,157
HSPC_451,0,0,1.8055670680017784,1.75908358017863,2.2768148898332603,2.52848654258974,10.394510270706,125
HSPC_453,0,0,2.490617588138355,0.932114794064518,3.382176925216313,4.960428221897965,10.5263027268217,119
HSPC_454,0,0,2.447727598911689,0.530288201486822,3.3747486094791905,4.877313603960273,11.1628438131783,124
HSPC_455,0,0,2.3787060122849204,0,3.3351529838970877,3.01551162072984,11.4366143155702,142
HSPC_456,0,0,2.426250695014048,0.649661482470309,3.42360288340036,5.474039688319147,10.9786854092457,122
HSPC_457,0,0,2.0603748353849527,0,3.0093638437976438,2.93718380432644,11.7460525282633,148
HSPC_459,0,0,2.403496083363934,0,3.584972647358645,3.02919325251787,12.1351528081105,144
HSPC_460,0,0,1.7123177489812103,0,3.142321189222604,1.59791342629267,12.5259352725253,148
HSPC_461,0,0,1.875201030577514,1.31346921834292,2.821610769995732,2.10403508623719,10.2104907379827,138
HSPC_462,0,0,2.094846611989945,0,3.2927570988158217,2.57760924332158,11.4286667859636,160
HSPC_463,0,0,2.2325060477824965,0.72567995688125,3.4050785319166876,2.344242928065125,11.1776275953633,130
HSPC_465,0,0,1.9996620654091408,0,2.9701636823228474,2.63305310156589,11.0642854764191,144
HSPC_466,0,0,1.9972153864894902,0.58159857317345,3.060392342735998,2.23835746398124,11.5474873016366,140
HSPC_467,0,0,1.8657065913906743,1.17689113160664,2.593616646377824,2.25781671784473,10.6322684611527,113
HSPC_468,0,0,2.130305203945807,0.648969137350525,3.103128692875786,2.513203866170245,10.5273001108828,140
HSPC_470,0,0,1.7736934745350639,0,2.8492892329248853,1.93144271318794,10.7813415250311,164
HSPC_471,0,0,2.2791675214442444,0,3.338417708246376,2.74361561197695,11.533175402,157
HSPC_472,0,0,2.265263180167455,0,3.409474806306483,2.98185632469907,11.7946347394536,142
HSPC_473,0,0,2.1677923087057596,0,3.1956526805809005,2.67736988716079,12.0711980070954,148
HSPC_474,0,0,2.0155232118073965,0,3.185747727676504,2.0609801151675,11.7322229929269,147
HSPC_475,0,0,2.339237764675541,0,3.1702877040311894,3.31866675521935,10.6723350847282,143
HSPC_477,0,0,1.9910001534313002,0.627827572991852,3.292311782556268,1.66945570985301,11.1171253032421,137
HSPC_478,0,0,2.0681262381688006,0,2.7940562740234394,3.40247745834028,12.1133078804285,147
HSPC_479,0,0,2.1751016045311107,1.28145924551548,2.763179565371061,3.02754976453861,11.2765073089338,113
HSPC_480,0,0,2.238670304330813,1.03446891555982,3.212498979625323,2.6419615137741,10.6407900083382,131
HSPC_482,0,0,1.9976007951357853,0,3.105976070922684,2.64760655368015,13.9483402584985,158
HSPC_483,0,0,2.453719243960025,1.087816181893955,3.200024812101834,3.00641919769643,10.7224335562752,140
HSPC_485,0,0,2.382402231952579,0.603633306509157,3.3953227722198718,4.821314228583677,11.8690689165102,122
HSPC_486,0,0,2.0778276444231847,1.41057216388582,2.9590349592623455,2.57900564361492,10.1552463986485,137
HSPC_488,0,0,1.8088938113938782,0,2.902697208516728,2.1200285586781575,11.2705177716266,170
HSPC_489,0,0,1.947146189620691,0,3.075397540621493,2.33042626266275,11.5182407658917,146
HSPC_490,0,0,2.517639094021986,1.30998966245667,3.4093600643315587,4.14011648604443,11.6462775574327,134
HSPC_491,0,0,2.268125701692122,0,3.1382300771170537,3.2997767108871,10.3655536939447,143
HSPC_492,0,0,2.127325181988416,0,3.1671145372290264,2.3223892194604723,11.6737070551996,144
HSPC_493,0,0,2.054185240422936,0,2.944243222516019,3.05990879494159,10.4041646461095,162
HSPC_494,0,0,2.254887900068004,0,3.2907129881016934,3.386070748402,10.4612139781221,161
HSPC_495,0,0,2.325581603419782,0,3.1926853489677045,3.81188783955092,10.3038943195431,150
HSPC_496,0,0,1.9377781905305875,0,3.0543001372081044,2.22683751811735,11.3229397927027,142
HSPC_497,0,0,2.287452940681213,1.94514866814726,3.131935915918885,2.8723339041635096,11.8725858380958,139
HSPC_498,0,0,2.3730672729077216,0.58391326090379,3.353215364786693,3.61123927937129,11.3264386486855,140
HSPC_499,0,0,2.0448815971842915,0,3.0478347342959475,2.35750528832389,10.6320852235171,147
HSPC_500,0,0,2.1993503870855804,0,3.1185332764423648,2.6776831293729755,11.6649207296812,147
HSPC_501,0,0,2.2086445861001973,0,3.053017614661652,3.15024225273735,10.7268822774797,155
HSPC_502,0,0,2.2726529143326593,0.914567464019121,3.26332596659249,2.88884025496555,11.4590792104997,125
HSPC_503,0,0,2.449509913867388,0.778850977408898,3.470747018544218,5.403449016682225,11.5376316314301,130
HSPC_504,0,0,2.1372633981164277,0,3.037132672831803,3.03531257928935,11.6245323567983,154
HSPC_505,0,0,2.132146503493453,0,3.2837099347782615,2.743904040672253,11.3850094319749,160
HSPC_506,0,0,2.0173285269136976,0,3.1214850076111023,2.794234023058615,11.4666101386331,169
HSPC_507,0,0,2.313833722069652,0,3.22681195836867,3.1746937881103,11.2315730133894,149
HSPC_508,0,0,1.9264961405475376,0.229664419068732,3.4736271834422108,0.897481195610506,12.0747013642756,122
HSPC_509,0,0,2.548075512464969,1.69129287261008,3.2412740334368646,4.39678549066741,10.6026371640838,134
HSPC_510,0,0,2.3190717943189556,1.16633956418518,3.096082147523246,3.49236443794181,10.8851370540299,128
HSPC_512,0,0,2.481683855035987,0,3.6798404537023317,3.7527843714217974,12.4919848651071,148
HSPC_514,0,0,2.294788070178581,0,3.43286999069304,2.429211573930117,11.7829781976407,143
HSPC_515,0,0,2.298373533786993,1.1087066766615,3.2954975136427125,2.5595595995747678,12.1927385020708,127
HSPC_516,0,0,2.5438705934187715,0.88531687671487,3.5574233152621764,4.66294732121289,12.1717529622607,126
HSPC_518,0,0,2.6492409956640173,0,3.4659798084655358,5.580880792365274,11.8381266540343,147
HSPC_520,0,0,2.294674615435072,0,3.3860309928655927,2.9746780196760976,12.2888554063943,157
HSPC_521,0,0,2.34771736438638,0,3.1339580093368005,3.37549329846561,11.7122228617304,141
HSPC_522,0,0,2.528649671284485,0,3.273933438783714,5.350084109272625,10.3636880766399,151
HSPC_523,0,0,1.9470517019412374,0.364791283456428,3.4289943644327234,1.57263638094063,12.5905758546022,140
HSPC_524,0,0,1.989090048111414,0,3.0551913502732817,3.26693095497136,12.1047803480682,171
HSPC_526,0,0,2.218365970560843,0,3.3268485392470244,2.43091494010265,10.8704744385387,145
HSPC_527,0,0,2.13342020582515,0.777049211683743,3.5448224843667977,1.65116289260768,12.0174065051843,136
HSPC_528,0,0,2.237975093879585,0.532003240795155,3.3596406448036373,2.0949753984882,12.1825802024838,140
HSPC_530,0,0,2.0171035943230646,0,3.1165800380369713,2.51351784120045,11.5491243832531,159
HSPC_532,0,0,1.8560759007559804,0,3.1363440045005406,1.81617783771585,11.2552083274046,166
HSPC_533,0,0,1.7546372404286874,0.753666752639103,3.0693024955551556,1.337817169321815,11.5861857100141,139
HSPC_534,0,0,2.183184567270518,0,3.350005004467403,2.311370938993065,11.6961230228891,152
HSPC_535,0,0,2.1222144513151577,0,3.2124514323232862,2.73297239079484,10.7932352767927,161
HSPC_537,0,0,2.010381536556665,0,3.0826307520711986,2.5412385025644078,10.3054117436665,165
HSPC_538,0,0,2.5009638219475967,0,3.6132200303382227,4.886111104051112,11.3585437933235,151
HSPC_539,0,0,2.463311516923175,0,3.448497648312917,4.09959155333238,11.754767909552,150
HSPC_540,0,0,2.177533831567471,0.989756346061209,3.3902007029117103,1.98460711423865,12.2962906804052,138
HSPC_541,0,0,2.6133577447856555,2.36171485390626,3.2241191660026747,4.43955976906026,11.8443725980546,138
HSPC_543,0,0,2.2754982838893025,0,3.3188319803610553,2.6897393094976,10.9827655850151,143
HSPC_544,0,0,2.8070129055002226,0.822182300462129,3.5431872420257293,6.420886694529713,10.7975559323066,117
HSPC_545,0,0,2.2148792920427294,1.48473462776332,3.1753736860837063,2.67716332526391,11.8145468588074,138
HSPC_546,0,0,2.4244915677011996,0,3.158642083587701,3.57265957838485,11.2345064702056,143
HSPC_547,0,0,2.5255350719821155,0.654750026207485,3.813772737454035,2.87140497838453,11.8800676564506,126
HSPC_548,0,0,2.4149641215240734,1.45585548807301,3.4459728525169844,2.63913382271599,11.9550132997833,136
HSPC_549,0,0,2.1491007111819997,0,3.255230486870411,2.28856092786012,11.8273886446293,149
HSPC_550,0,0,2.592106346023915,1.75021390419351,3.319086559951036,4.6862905462031,12.0641893093349,134
HSPC_551,0,0,2.6799612376191804,1.2871149224276,3.358187072126001,4.007063767261703,11.8744705673934,115
HSPC_552,0,0,2.236153738028991,1.22642540444369,3.1369461325900367,2.66890442840432,11.5811684673679,126
HSPC_553,0,0,2.6930718461462626,0.470872560103545,3.5911685931975863,6.442038239220738,11.0565606009498,112
HSPC_554,0,0,2.0902927697526823,0,3.130042235915787,2.15750408441573,11.7546790134924,143
HSPC_555,0,0,1.9027422778513616,0,2.9520525917814076,2.5789142365776,11.2445202764749,157
HSPC_556,0,0,2.4783677919591565,0.93694573274649,3.6153415446380737,3.402439484396788,11.9838049171269,138
HSPC_557,0,0,1.9722115864512868,0,3.039410851236966,1.87992514564477,11.7919459922604,141
HSPC_559,0,0,1.9373559310121826,0,3.034073747464851,2.41140210563204,11.8712749110623,156
HSPC_560,0,0,2.082238314693358,1.68091464999257,2.916847940279106,2.43632797224521,11.7613551705112,137
HSPC_562,0,0,2.470025818951917,0,3.2440836194127693,4.14835715825131,11.9577746971103,153
HSPC_563,0,0,1.8304230509604773,0,2.88666294054167,2.29019852198085,10.5880911033608,149
HSPC_566,0,0,2.4862249645956362,0,3.2454560980570073,3.5765505628431797,12.4517563776059,143
HSPC_567,0,0,2.1858068543727205,0,3.236505406581997,2.25363876938846,11.3019918979547,141
HSPC_568,0,0,2.2674840527821623,0,3.274697254086163,2.95685429699203,10.8514770270533,155
HSPC_569,0,0,2.282618561573451,0.770966200087333,3.3132882219933735,3.0206680336047826,10.7198162186725,128
HSPC_571,0,0,2.2125498078671235,1.04198722961901,3.262837640581936,2.87860208295662,10.9391691013346,139
HSPC_573,0,0,2.088662911336289,0,3.0377355775315382,2.291204638842605,11.3973158750711,146
HSPC_574,0,0,2.31964291432579,0.754727691342594,3.1852076478242286,5.607764103253844,10.4740744453699,125
HSPC_575,0,0,2.0158838450493395,0,3.1289628628039154,2.26679405823266,10.6865100107696,145
HSPC_576,0,0,2.2055456048666304,0,3.2274819175799796,2.7411290739007,11.2014970093799,156
HSPC_577,0,0,2.358041566056082,1.60575687362479,3.231853855660058,3.19758475646825,11.6127415600365,137
HSPC_578,0,0,2.256663747361148,0,3.2049778219768967,2.92322036318171,12.3227097634831,142
HSPC_579,0,0,2.472160569762835,1.18222605894086,3.4372072730780814,5.009182451213903,11.096198245952,139
HSPC_580,0,0,2.4263597585921026,0.944213040779612,3.330097764745608,3.58412596314443,10.6790388561624,119
HSPC_582,0,0,2.217761796893837,0,3.1461626035507058,3.33198940185148,10.8820925697141,150
HSPC_584,0,0,2.276445767812061,0,3.2418522851336475,3.06717930527981,10.9542817458493,153
HSPC_585,0,0,2.0338160561807577,0,3.2987887579779525,2.15731276655149,11.9557605193403,162
HSPC_586,0,0,2.0489689227924477,0.891471382175813,3.2756370351533053,1.83398355326447,11.4728877966376,137
HSPC_589,0,0,2.273967821242391,0,3.12887498679775,3.65516854123101,11.1982460370688,152
HSPC_590,0,0,2.2524073788358017,1.19222710295461,3.192196536720269,2.3642102728197623,10.6733234354499,134
HSPC_592,0,0,2.3168567089790706,1.22780560616798,3.3051354443359786,2.67093526580486,12.0358656955478,136
HSPC_593,0,0,2.3286432174461087,0,3.2353554691397206,3.2627008991315,10.6264777083853,145
HSPC_594,0,0,2.4744379000876826,0,3.3486699891447835,4.39561498818611,11.3467259582513,153
HSPC_595,0,0,1.4631784055747887,0,2.4920100949066875,1.75654437047751,11.2863456335843,142
HSPC_596,0,0,2.282740619403119,1.3916928416667,3.136715150346621,3.42534957859033,10.8986316019946,135
HSPC_597,0,0,1.8579658515107424,0,2.9474155335246897,2.29600501387217,11.0016495172016,162
HSPC_598,0,0,1.954460997378503,0,3.0223710285993968,2.31952041318107,11.1165807445761,147
HSPC_599,0,0,1.9047066942616737,0,2.916209741509961,2.49710439128013,11.2480172084404,150
HSPC_600,0,0,2.335404656147897,0,3.0906408220453097,3.82654534248725,11.2075352999063,148
HSPC_601,0,0,1.9050140466175525,0,2.7378162511042925,2.37620255491565,11.0224199916871,143
HSPC_602,0,0,2.3432169448067555,1.66226650609893,3.0487231791081753,3.27210314108241,10.9079975261318,129
HSPC_603,0,0,2.281225243457935,0,3.333599854569217,3.0479384483693552,11.4635891993717,142
HSPC_604,0,0,2.1362284312536426,0,3.2377043953665656,2.51603000815019,11.7430515539855,155
HSPC_606,0,0,2.3917777958617323,0,3.2551493367177744,4.72560614321885,11.2097882421682,143
HSPC_607,0,0,2.1416432647925676,0,2.8678299420994873,3.18679736062828,10.3193052141361,150
HSPC_608,0,0,2.138517763760587,0,3.090619710391348,2.8845423488810047,10.8022268582091,150
HSPC_610,0,0,2.3270022674543256,0,3.2374212764232038,3.71792255825655,10.8596978943689,157
HSPC_612,0,0,2.298353435783809,0,3.4016438366496256,3.13808766020764,11.5637787784818,153
HSPC_613,0,0,2.2283803607400956,0,3.2101046870523056,2.70517808929804,10.5602365113873,146
HSPC_614,0,0,2.363664094220066,1.31516077702676,3.3124897649765277,3.1360662085368225,11.8237700330002,138
HSPC_615,0,0,1.9642417812791733,0,3.0902263003890913,2.45065246635103,11.0577100832534,175
HSPC_617,0,0,2.2100056201938334,0.852527458018838,3.3715392377343925,2.33007287154472,10.9434166643636,135
HSPC_618,0,0,2.2287541652530725,0,3.276229347355995,2.8854279925933,11.2102342687421,153
HSPC_620,0,0,1.8810634003873203,0,2.890562427279493,2.51798292422601,11.3876418998936,155
HSPC_623,0,0,2.5631241977157506,0,3.416293494917074,4.62595531667934,10.953961560306,144
HSPC_624,0,0,2.0967559710862496,0.720099511905212,3.2220847198145046,1.84365533052198,10.9459284811418,124
HSPC_625,0,0,2.042494498931361,0,2.9376675198434588,2.93776702840812,11.2264584550512,157
HSPC_626,0,0,2.2619561673873916,0,3.28459851240152,3.42436332173942,11.7695482191135,164
HSPC_627,0,0,2.268611403123805,0,3.3853562660520167,3.95172749926753,11.4257219014266,161
HSPC_628,0,0,2.302145186363363,0,3.427866668150857,2.87547362801559,11.7920994396666,157
HSPC_629,0,0,2.212026458145641,0,3.3521143871448578,2.62488883143282,11.1393598295826,151
HSPC_630,0,0,2.5190788180579315,0,3.396541881377011,4.511249886970463,11.519057245913,156
HSPC_631,0,0,2.302860517305974,0,3.3912081457292786,2.68459844126897,10.9959867557933,144
HSPC_633,0,0,2.328706461115109,0,3.4542043404094844,3.61911805107377,12.0107297417741,171
HSPC_634,0,0,2.268471536610195,0,3.3231661451205525,3.66205664028165,11.4062818679431,153
HSPC_635,0,0,2.053525337911734,0,3.0047199982672885,2.6291733015142325,11.177823057997,147
HSPC_636,0,0,1.953473301044611,0,3.080511554369813,2.12948093064647,11.0565554436715,145
HSPC_637,0,0,2.1350636973451405,0.938931323597007,3.0725770483449617,2.4816962674356,11.1880971484419,129
HSPC_638,0,0,1.696574974694102,0.510122624062898,2.7138341125093866,1.68790561146676,10.8837203591254,109
HSPC_639,0,0,1.5878528139660593,0.996580016849591,2.354861910104493,1.684017284461915,10.9560513515813,119
HSPC_640,0,0,2.1360490535267393,1.0254317510846,3.1206165983615146,2.119087710119535,11.1725816179894,128
HSPC_641,0,0,1.9565332938821682,1.00034155237563,2.943265428998716,2.00051229824528,11.0559651385164,132
HSPC_643,0,0,2.468172626560999,1.70562798115102,3.2166897532610483,3.32866920541915,12.0161775943746,127
HSPC_644,0,0,2.472613410722009,0.490431967860703,3.275428046988308,5.622711181265555,11.0231989970448,103
HSPC_645,0,0,2.351711555310265,0.715666638332577,3.2747031601286003,4.562998706420933,10.9921642420379,123
HSPC_646,0,0,2.0593812741182536,0.995905693292972,2.9481237954321573,2.3153716151792,11.6069721693733,122
HSPC_648,0,0,2.2666787024490174,1.51926014918335,3.1019728451806308,2.72231746432437,11.24295928673,137
HSPC_649,0,0,2.359329609225377,0.713934921546868,3.246949035418449,4.154210745963292,10.7706814659743,107
HSPC_651,0,0,2.5501291807637836,0,3.3699990794107286,5.615457583708888,11.2024203864449,147
HSPC_652,0,0,1.7636996024282867,0,2.907211377774729,2.03760987650568,10.8965707640606,153
HSPC_654,0,0,2.1084926002944213,1.39820231961381,2.9434060349932647,2.56247165319691,10.3674515668963,136
HSPC_656,0,0,1.9829553024649713,0,2.900069984845927,2.50548537198945,9.67348872374377,146
HSPC_657,0,0,1.8385189153265038,0,2.8724512703721685,2.23872383966641,12.1315584104803,168
HSPC_658,0,0,2.3188588715492946,0,3.1920581823754253,4.0208890702933875,11.2642406196121,145
HSPC_660,0,0,2.541847170491668,1.25331405287524,3.2238476350882053,5.274494857922262,9.8518281170041,129
HSPC_661,0,0,2.4008976776839073,1.49132948358397,3.323233775354183,2.7752806636624725,11.6471519397832,135
HSPC_662,0,0,2.297744232345313,0,3.2677297175099,2.93871275941048,11.2768362662944,145
HSPC_663,0,0,2.7256400511335133,0,3.56225774875578,6.519484494225065,12.1518262102538,141
HSPC_664,0,0,2.403852621730238,0.940678442096323,3.3904192624712772,3.409504955389155,10.9422668347723,132
HSPC_665,0,0,2.121094229195704,0.645194945397985,3.2095184344237064,2.07441421219386,12.0111283466364,140
HSPC_666,0,0,2.8148581840255376,1.13014071933018,3.6493662721033093,6.359244790921966,11.0518951670678,133
HSPC_667,0,0,2.075411423889573,0,3.1754621631809394,2.54948208462479,11.4064817157977,155
HSPC_668,0,0,2.245062566673225,0,3.4093593679375456,2.4070188170374003,11.0607275049741,145
HSPC_669,0,0,1.9918957131779853,0,3.053569549954539,2.42559399739019,11.7518442333175,153
HSPC_670,0,0,2.3361069383861133,0,3.0750273107848676,3.18760344716676,11.0205677337863,144
HSPC_671,0,0,2.348965877998464,0,3.302088643332461,3.77676926852384,10.8463569917385,141
HSPC_672,0,0,2.041472808829982,0,3.2567907530457867,2.05686587197884,11.211651472089,158
HSPC_673,0,0,2.1481651608225856,0,3.2478273040111167,2.72261309663758,11.5788290067942,154
HSPC_674,0,0,1.8009317529863478,0,2.9195554279556535,1.89174999886354,10.8751842809457,153
HSPC_676,0,0,2.2392366027025163,0,3.09629575711825,3.0973538163507577,10.4958970429639,146
HSPC_678,0,0,2.2978040162231443,1.52479460056059,3.1447776943536363,3.08913028542685,12.1246363250825,133
HSPC_679,0,0,2.1328450941473527,1.53066543289568,2.9485408255339842,2.73716152215205,11.5826860707041,123
HSPC_680,0,0,2.5729640637429037,0,3.3589694259009653,4.165338577953537,11.1004499659188,148
HSPC_681,0,0,2.2766661100298378,1.0367529137925562,2.78776964812002,4.210078058271107,10.1544786906611,102
HSPC_682,0,0,2.5863477825963215,1.04346272853264,3.412782298134122,5.431622341000048,11.0954425841226,138
HSPC_683,0,0,2.4983452578657017,1.17981055524689,3.2863701884123038,3.9285549607352195,10.8591036830311,131
HSPC_687,0,0,2.136481676635462,2.09124026710171,2.745065706594029,2.91117093178469,11.3801110887979,131
HSPC_689,0,0,2.489020619357523,0,3.2690927371192458,4.106272454723,10.693274037783,148
HSPC_690,0,0,2.6860892135813677,0,3.3537763266736147,5.05514773017582,10.4082794232922,142
HSPC_692,0,0,2.2845265223005673,0,3.0936606495624517,3.42690644853139,12.2420574655846,151
HSPC_695,0,0,1.6151485403508787,0.268114754335162,3.3280609550345543,0.689477634199519,12.4138618577519,122
HSPC_696,0,0,2.687816389787673,1.53799699716639,3.3799560279206835,5.559575035675815,10.8795583620773,136
HSPC_697,0,0,2.528564063913484,1.27130276675826,3.337659162935512,4.77874768738639,10.2918864507403,136
HSPC_698,0,0,2.5313582408543946,0,3.3244080245079477,4.38664453628771,12.146012065433199,149
HSPC_699,0,0,2.5860461749250025,0,3.444546533380492,4.59538533181826,11.3893973303785,150
HSPC_700,0,0,2.4024174502207867,0,3.3039178666849853,4.797294203611037,10.6304341500461,142
HSPC_701,0,0,2.4007773333331532,1.15658449839996,3.2565987258007714,3.8894945468497175,11.7499708536251,130
HSPC_702,0,0,2.7232433277141426,0,3.605966722123721,4.821926040552772,11.8045202352818,143
HSPC_703,0,0,2.5427406041634124,2.1934673336647,3.0452279076317623,3.93509564235798,11.709889644914,127
HSPC_704,0,0,2.5984802324250467,0,3.4484518568554505,4.33508202695875,11.4875296490147,141
HSPC_705,0,0,2.5048123927314663,0.97950881381313,3.370638876461615,5.068014731433863,11.3580158119522,128
HSPC_706,0,0,2.363657099101266,1.27272729491498,3.2268546846112693,3.4920155117564873,10.447017334134,138
HSPC_707,0,0,2.370797172888303,1.36056369797286,3.1698196025802683,3.6263284966118627,11.7964026598123,135
HSPC_708,0,0,2.5086992673218136,0,3.4271065314128446,3.83202605979147,10.8647562669139,141
HSPC_709,0,0,2.600715853135893,0,3.1524687140610275,5.059888876504335,10.1447808380195,148
HSPC_714,0,0,2.326091480951249,0,3.2631904655687523,3.3238665840504327,11.1263877946732,145
HSPC_716,0,0,2.324846952911474,0,3.457764740802124,3.35638226136949,11.8120541149915,156
HSPC_717,0,0,2.301647823722739,1.15365537960096,3.16345911518279,2.83265586476171,11.0472436427696,128
HSPC_719,0,0,2.518532388489276,1.8553436287385,3.28049687499175,4.115165043249887,12.2368133629418,137
HSPC_720,0,0,2.5767791736937395,0.820561224216436,3.272075363434074,5.559367484703553,10.5895076243448,118
HSPC_721,0,0,2.205137464772923,2.11279549157996,2.493078964738176,3.45626177026309,10.7058859276106,120
HSPC_722,0,0,1.8143058068160511,1.1845333990299,2.6899740771835376,2.26864283524958,10.7087294878343,125
HSPC_723,0,0,2.6173943241765905,0.842097450872946,3.272381395369132,4.954530649993927,11.5955980434619,104
HSPC_724,0,0,1.9643969091601512,0.648504233104863,3.0434734321344,1.94024597210438,11.3504565441075,113
HSPC_725,0,0,2.483450693525305,1.57714721499377,2.864271950265963,3.7411897587660796,10.6473723903885,112
HSPC_727,0,0,2.435705716018569,1.57616671569393,3.050376570708465,3.44742402381165,11.511821980214,120
HSPC_729,0,0,2.2447520225499105,0.957857175766553,3.0460506839447765,2.73433809911756,10.9656966492991,116
HSPC_730,0,0,2.4453015894262626,1.13473565535363,3.113135474863226,3.4749834329478824,11.121241080495,114
HSPC_731,0,0,2.8543552602906193,1.12976825985897,3.210719375390923,6.01902667382047,10.471424893437,102
HSPC_732,0,0,2.105087240377032,0.693704669884465,3.100151987971567,2.03109795016015,11.0494454179259,110
HSPC_733,0,0,2.4885604281956857,1.4355852358131,3.04520482871066,3.7378033982329097,10.9290527774591,124
HSPC_734,0,0,2.540428940407603,0.73331896752609,3.161085242065763,5.628201779037875,10.454737492717,92
HSPC_735,0,0,2.389167274653047,1.03255273997138,3.133149527229878,3.05649415550035,10.8660602240872,106
HSPC_736,0,0,2.022386805141161,0.678940154081461,3.0915814197583145,2.00173597571856,11.8099904416385,106
HSPC_737,0,0,2.7223093932894926,1.18526618313127,3.3932797417598666,5.668692937177264,11.0758866086744,98
HSPC_738,0,0,2.5032472177010803,1.51437105822004,2.8915904953225993,3.60175066757681,10.4731051095337,105
HSPC_740,0,0,2.5059109356127762,0,3.361743661131947,3.7942791183131,10.6180087717586,145
HSPC_742,0,0,1.894866645597112,0.843663588382151,2.973510707803515,1.75864632423562,11.6327377610491,131
HSPC_743,0,0,2.0283082152631997,1.12210188442493,2.8487265382605824,2.8399958897399022,10.4488080663945,136
HSPC_744,0,0,2.048339307674113,1.21295319942973,3.0127999816632633,2.30869582363931,10.5978543503085,139
HSPC_745,0,0,2.3085609639574556,2.40256064755691,2.8205960007447817,3.79308682174193,10.8822299780507,137
HSPC_746,0,0,2.152864855648507,2.18373978092719,2.586110081461174,3.01553236255256,10.9881943379812,130
HSPC_747,0,0,2.5430682581318145,0,3.3126808579161144,4.751228971121668,10.8598443077079,141
HSPC_748,0,0,2.016655159824329,1.1811237968343,2.9451891516099344,2.26381570780427,12.1533137206258,129
HSPC_749,0,0,2.476938640879231,1.44377373694229,3.1571166896159406,3.5010429333642,11.3914647403857,120
HSPC_750,0,0,2.3704619394919018,1.02969204939993,3.316603194922134,3.05156681277228,11.1672836787165,131
HSPC_751,0,0,2.416019426847204,1.56723346414655,2.9101587077334803,3.43520125761331,10.2389609871967,119
HSPC_752,0,0,2.529342082163718,2.22786738586445,2.9284423529071173,3.97614734684401,10.5862759342961,125
HSPC_753,0,0,2.3128404153165203,1.06209161902142,3.0737789375206166,2.96090421079013,11.2017182396493,114
HSPC_755,0,0,2.1019658127875736,0.739973483373588,2.773600073677988,2.50868623301134,10.5585703545821,91
HSPC_756,0,0,2.591698162954699,1.7309112117635,3.223688764480575,4.10732115352495,10.7825108727847,129
HSPC_757,0,0,2.477265620567771,1.3948214579508,2.870118930799898,3.252551658027455,10.9731574738895,102
HSPC_758,0,0,2.681864293765025,0.864756931531376,3.3868077248779205,4.723300757226937,11.1095553486303,94
HSPC_759,0,0,2.1273706846964697,0.941468183777273,3.110592152208241,2.22710232467026,11.2533729307377,124
HSPC_760,0,0,2.2883409385117566,1.05198874323537,3.2182351584331776,2.40423394895281,11.0082566050205,121
HSPC_761,0,0,2.2992061164842736,0.691669264159736,3.12799288422706,2.60154092924508,11.722818530629601,100
HSPC_762,0,0,2.2419052310782073,1.27080438071107,2.952694797021046,2.73375401962693,12.0425785085716,117
HSPC_764,0,0,2.0684522961349012,1.78413372496521,2.7457546059174813,3.0587230829667,11.0025431172267,136
HSPC_765,0,0,2.099887669216509,2.11601839314537,2.6309267181262497,2.93921120423556,12.7567731698223,126
HSPC_766,0,0,2.1720793847777986,0.982758157889343,2.951427116142358,2.6115004303250027,10.2001543312444,116
HSPC_767,0,0,1.9551524413274408,0.664640584769223,3.0224748245950352,1.9730111392943,11.3033202417905,116
HSPC_768,0,0,2.3648257556334227,1.70312738332974,3.0110885933990845,3.32542108424079,10.9575294573558,124
HSPC_769,0,0,2.080163783315078,0,2.7092590610438876,3.289457692023,11.1760840363404,147
HSPC_770,0,0,2.3429394194107713,1.76024826154543,3.0871164192440355,3.1215853648919976,10.4973292423921,136
HSPC_771,0,0,2.526883880620955,1.17829256772146,3.376059613083309,3.342445989036732,11.1561694308096,125
HSPC_772,0,0,2.2829192237091753,1.60079683684703,2.949070695246183,2.8276816160717,10.6245137927141,117
HSPC_773,0,0,1.8627869053331103,0.990071295416839,2.8132844839809446,1.98508120129988,10.7274392887717,120
HSPC_774,0,0,2.526266894075716,0.973591233100774,3.3589672455132864,5.4694164826718925,10.7700872317224,120
HSPC_776,0,0,2.314931219873847,0,2.9976302934873664,3.788058611241365,11.1045450653597,147
HSPC_777,0,0,2.1095260329490686,1.05320534014964,3.0909691418398904,2.67257832524189,11.6460649413856,135
HSPC_778,0,0,2.1296194359207585,1.4345886946542,2.6218289728321604,3.48778288133497,9.5349392679551,127
HSPC_780,0,0,2.4760362275668197,1.17824923452312,3.134466009204374,3.76873465973208,11.2652415226413,109
HSPC_781,0,0,1.9111666050236367,0,2.817359848423184,2.88426089480445,11.444652335039,154
HSPC_782,0,0,2.4156245194878125,0,3.0958981891582336,3.87239987933323,10.1605081713613,142
HSPC_783,0,0,2.254030973708121,0,3.2623591278527067,2.54793886567455,10.9698473535923,149
HSPC_784,0,0,2.175017831340117,1.05042709054296,3.1302658970371757,2.468353462060315,10.9578574485995,131
HSPC_785,0,0,2.2298104197690503,0,3.2413873695935562,2.46590317133488,11.0406365069912,142
HSPC_786,0,0,2.4665445452764136,1.14846460150106,3.4211444441471275,3.89886583223036,11.0797728357296,137
HSPC_787,0,0,2.0999606116546508,0,2.7533521303291457,2.99081470624372,10.6895102216984,143
HSPC_788,0,0,1.9748672203970115,0.938635109988945,2.7047865595543032,2.66620789732712,11.1077917977598,140
HSPC_789,0,0,2.2249492659310053,1.18136967552736,3.153720193114204,2.87570132385054,11.2454330633212,139
HSPC_790,0,0,2.2552893131420695,1.35323385392707,3.1802610593436187,2.85187223595966,11.558343164593,135
HSPC_791,0,0,2.6994360962575707,1.7899640337083,3.377291138917955,4.93058372155655,11.1039212287481,131
HSPC_794,0,0,2.224574583853327,1.11271858403758,3.1030877147022036,2.76821360973909,11.11802635368,125
HSPC_795,0,0,2.3985354063283997,0.831707583199527,3.2157774459315673,3.4460516810160047,11.0956033105817,111
HSPC_796,0,0,2.6864853328513707,0.700106189297969,3.4026567513934407,5.668780677368288,11.0828616837701,106
HSPC_797,0,0,2.6171517346045134,0.872225017953297,3.3779966124290435,5.307831342757775,11.433852000005,106
HSPC_798,0,0,2.4848593392075236,1.53115989680131,3.13055440540511,3.09773288303248,10.933282910741,117
HSPC_799,0,0,2.1789652930093117,0,3.009581385231168,3.51689443766097,11.6662280359407,156
HSPC_800,0,0,2.173218068197453,0,3.218263520939261,2.8653888775462355,11.2626277842596,147
HSPC_801,0,0,2.427331429864646,0,3.3522456154017357,4.66544007574115,10.905107481373,143
HSPC_802,0,0,2.61340498305986,1.032641041812495,3.345972764818556,3.78037645063445,10.864431800409,140
HSPC_803,0,0,2.3948902185235355,0,3.076491762874786,3.88251783295191,10.7661876015955,141
HSPC_804,0,0,2.301099754420658,0,3.1338176449109287,3.16680028040992,11.2977912595241,144
HSPC_806,0,0,2.2222415034384713,2.10327311628605,2.7067410706867836,3.44499745560262,10.3258308838532,132
HSPC_807,0,0,2.2476141730684818,0.750094547587881,3.2394858716288613,2.34806760102648,11.2699968533311,123
HSPC_808,0,0,2.167731680958347,0.661920684503789,3.206378914267813,2.5354921907721346,10.9302409651728,115
HSPC_809,0,0,2.5439939591817664,1.78849947756777,3.1558210846527346,3.73039760273879,11.7907237728144,128
HSPC_810,0,0,2.471068967603374,1.65134542540395,3.1100604428989054,3.6616606197213675,10.8288771315984,132
HSPC_812,0,0,2.295998803850842,0.845923685509923,3.3646168227900133,2.690586412913188,11.5500173828943,133
HSPC_813,0,0,2.2448301332671727,0.627758104331437,3.310411021804097,2.3065520998779174,12.0043084434913,121
HSPC_814,0,0,2.761596414769473,1.10976310963426,3.273642251986242,5.996051533050985,10.406351223837,122
HSPC_815,0,0,2.4586660371030717,0.963061293386425,3.2394566374022387,3.42278853632,11.4526549319088,107
HSPC_816,0,0,2.340613069354859,1.34603388770645,3.1275989606467074,2.84166973093285,11.1510732781054,122
HSPC_818,0,0,2.3081370957782807,0.996712243897098,3.1921178727676534,2.99424150053405,11.99306632599,120
HSPC_819,0,0,2.4264285944526924,1.36455705586943,3.072675585767506,3.6323343190080624,10.6716265068551,123
HSPC_820,0,0,2.106256170946126,0.809888488856292,3.0938349451739975,2.46426457338898,11.2411686379939,122
HSPC_821,0,0,2.5323697904443994,1.38220130309527,3.2640537251486457,3.462141904317595,12.1257737320322,122
HSPC_822,0,0,2.5025600432743946,1.38653442045869,3.119675730319329,3.79867170240765,11.8917517089934,120
HSPC_824,0,0,2.083904741346307,0,3.131573552466846,2.34203037410713,11.3647392499418,143
HSPC_825,0,0,2.1622252415874947,1.38556561751834,3.0652885194155934,2.89742919577366,11.4981757995169,139
HSPC_826,0,0,2.3979459672717813,1.3243237413356,3.29951998884589,3.1496183753998355,11.1978221682614,133
HSPC_827,0,0,2.2390162826274356,1.74637478638825,3.108843266919281,2.638110703427,12.1011037489457,134
HSPC_828,0,0,2.1445509766036834,1.00264778057307,3.1200473448684374,2.32616221439072,10.7100557857473,127
HSPC_831,0,0,2.5888163873960264,1.30438405027726,3.3758404726429334,3.8661222398964576,10.839478683546,123
HSPC_832,0,0,2.3838112674866254,1.03465196063489,3.228212202707115,3.449753071973065,10.6859159900343,129
HSPC_833,0,0,2.3552962835542375,0.716576402734886,3.211842885553615,3.9364431430969278,11.1694811606239,107
HSPC_834,0,0,2.087199690459985,0.924502311308274,2.892531093529329,2.45684472949181,11.1802882726829,108
HSPC_835,0,0,2.5521385905522482,1.00627389858477,3.2130878675202967,4.0336184421320596,11.7794599953147,114
HSPC_836,0,0,2.4713481349697823,0,3.0493036227767476,3.99401902598873,11.316113445952,142
HSPC_837,0,0,2.5902869347378674,1.31177315734747,3.3368062379270893,4.44324226506575,10.6721699157528,131
HSPC_838,0,0,2.5280717738934393,0.98380610034975,3.293374402898321,3.55513343023131,11.2706513475778,108
HSPC_839,0,0,2.380224810775967,1.08297789283957,3.161977585835006,3.7431566778939325,10.9662939877852,124
HSPC_840,0,0,2.5479758758960163,1.86673039341869,3.1821578386514684,3.6087879436899475,10.8666383352803,130
HSPC_841,0,0,2.408384360877758,1.43856655709406,3.18587219756667,3.49353015003484,10.9299878365399,131
HSPC_842,0,0,2.379549787603331,1.77387602453832,2.9409089824021772,3.490348703199283,11.1365648990106,130
HSPC_843,0,0,2.8448948682566075,1.25681734740944,3.750330711774387,6.76776822038851,11.9325025695955,137
HSPC_844,0,0,2.62681142020522,1.5840469690628,3.316512309315934,3.9507490556678326,11.4462268348319,127
HSPC_845,0,0,2.46357013218026,1.22739261186585,3.2245594420178194,3.37712940375229,10.5345801100216,121
HSPC_846,0,0,2.239923754615742,1.4013536286981,3.1520481213604947,2.91952549590918,11.518824325817,137
HSPC_848,0,0,2.1523985246167996,0,3.209284662301656,2.5536190375833,11.2659109092053,146
HSPC_849,0,0,2.4022575005020035,1.60197562266631,3.206177536355344,2.92003545154708,11.6778340599265,132
HSPC_851,0,0,2.3194804431717673,0,3.075240294604252,3.37297058629176,11.6020326028033,151
HSPC_852,0,0,2.143472180497529,0,3.0283788658906823,2.90104903804246,11.468993442104,146
